age;social_class;siblings;parents_alive;annual_income;housenumber;family_size;browser_used_Firefox;browser_used_Internet Explorer;title_Col;title_Countess;title_Don;title_Dona;title_Dr;title_Jonkheer;title_Lady;title_Major;title_Master;title_Miss;title_Mlle;title_Mme;title_Mr;title_Mrs;title_Ms;title_Rev;title_Sir;sex_male
29.0;1;0;0;2113375.0;228;0;0;0;0;0;0;0;0;0;0;0;0;1;0;0;0;0;0;0;0;0
2.0;1;1;2;1515500.0;102;3;0;0;0;0;0;0;0;0;0;0;0;1;0;0;0;0;0;0;0;0
30.0;1;1;2;1515500.0;112;3;0;0;0;0;0;0;0;0;0;0;0;0;0;0;1;0;0;0;0;1
25.0;1;1;2;1515500.0;232;3;0;0;0;0;0;0;0;0;0;0;0;0;0;0;0;1;0;0;0;0
48.0;1;0;0;265500.0;223;0;0;0;0;0;0;0;0;0;0;0;0;0;0;0;1;0;0;0;0;1
63.0;1;1;0;779583.0;1;1;0;0;0;0;0;0;0;0;0;0;0;1;0;0;0;0;0;0;0;0
39.0;1;0;0;0.0;194;0;0;0;0;0;0;0;0;0;0;0;0;0;0;0;1;0;0;0;0;1
53.0;1;2;0;514792.0;150;2;0;0;0;0;0;0;0;0;0;0;0;0;0;0;0;1;0;0;0;0
71.0;1;0;0;495042.0;162;0;0;1;0;0;0;0;0;0;0;0;0;0;0;0;1;0;0;0;0;1
47.0;1;1;0;2275250.0;143;1;0;1;1;0;0;0;0;0;0;0;0;0;0;0;0;0;0;0;0;1
18.0;1;1;0;2275250.0;250;1;0;1;0;0;0;0;0;0;0;0;0;0;0;0;0;1;0;0;0;0
24.0;1;0;0;693000.0;183;0;0;1;0;0;0;0;0;0;0;0;0;0;0;1;0;0;0;0;0;0
26.0;1;0;0;788500.0;24;0;0;0;0;0;0;0;0;0;0;0;0;1;0;0;0;0;0;0;0;0
80.0;1;0;0;300000.0;74;0;0;0;0;0;0;0;0;0;0;0;0;0;0;0;1;0;0;0;0;1
29.8811345124283;1;0;0;259250.0;87;0;0;0;0;0;0;0;0;0;0;0;0;0;0;0;1;0;0;0;0;1
24.0;1;0;1;2475208.0;26;1;0;1;0;0;0;0;0;0;0;0;0;0;0;0;1;0;0;0;0;1
50.0;1;0;1;2475208.0;86;1;0;1;0;0;0;0;0;0;0;0;0;0;0;0;0;1;0;0;0;0
32.0;1;0;0;762917.0;75;0;0;1;0;0;0;0;0;0;0;0;0;1;0;0;0;0;0;0;0;0
36.0;1;0;0;752417.0;245;0;0;1;0;0;0;0;0;0;0;0;0;0;0;0;1;0;0;0;0;1
37.0;1;1;1;525542.0;115;2;0;0;0;0;0;0;0;0;0;0;0;0;0;0;1;0;0;0;0;1
47.0;1;1;1;525542.0;80;2;0;0;0;0;0;0;0;0;0;0;0;0;0;0;0;1;0;0;0;0
26.0;1;0;0;300000.0;96;0;0;1;0;0;0;0;0;0;0;0;0;0;0;0;1;0;0;0;0;1
42.0;1;0;0;2275250.0;137;0;0;1;0;0;0;0;0;0;0;0;0;1;0;0;0;0;0;0;0;0
29.0;1;0;0;2217792.0;224;0;0;0;0;0;0;0;0;0;0;0;0;1;0;0;0;0;0;0;0;0
25.0;1;0;0;260000.0;89;0;0;1;0;0;0;0;0;0;0;0;0;0;0;0;1;0;0;0;0;1
25.0;1;1;0;910792.0;176;1;0;1;0;0;0;0;0;0;0;0;0;0;0;0;1;0;0;0;0;1
19.0;1;1;0;910792.0;28;1;0;1;0;0;0;0;0;0;0;0;0;0;0;0;0;1;0;0;0;0
35.0;1;0;0;1356333.0;106;0;0;0;0;0;0;0;0;0;0;0;0;1;0;0;0;0;0;0;0;0
28.0;1;0;0;265500.0;240;0;0;0;0;0;0;0;0;0;0;0;0;0;0;0;1;0;0;0;0;1
45.0;1;0;0;355000.0;35;0;0;0;0;0;0;0;0;0;0;0;0;0;0;0;1;0;0;0;0;1
40.0;1;0;0;310000.0;123;0;0;1;0;0;0;0;0;0;0;0;0;0;0;0;1;0;0;0;0;1
30.0;1;0;0;1648667.0;19;0;0;0;0;0;0;0;0;0;0;0;0;1;0;0;0;0;0;0;0;0
58.0;1;0;0;265500.0;225;0;0;0;0;0;0;0;0;0;0;0;0;1;0;0;0;0;0;0;0;0
42.0;1;0;0;265500.0;252;0;0;0;0;0;0;0;0;0;0;0;0;0;0;0;1;0;0;0;0;1
45.0;1;0;0;2623750.0;39;0;0;1;0;0;0;0;0;0;0;0;0;1;0;0;0;0;0;0;0;0
22.0;1;0;1;550000.0;206;1;0;0;0;0;0;0;0;0;0;0;0;1;0;0;0;0;0;0;0;0
29.8811345124283;1;0;0;265500.0;41;0;0;0;0;0;0;0;0;0;0;0;0;0;0;0;1;0;0;0;0;1
41.0;1;0;0;305000.0;100;0;0;0;0;0;0;0;0;0;0;0;0;0;0;0;1;0;0;0;0;1
48.0;1;0;0;504958.0;57;0;0;1;0;0;0;0;0;0;0;0;0;0;0;0;1;0;0;0;0;1
29.8811345124283;1;0;0;396000.0;28;0;0;1;0;0;0;0;1;0;0;0;0;0;0;0;0;0;0;0;0;1
44.0;1;0;0;277208.0;49;0;0;1;0;0;0;0;0;0;0;0;0;0;0;0;0;1;0;0;0;0
59.0;1;2;0;514792.0;10;2;0;0;0;0;0;0;0;0;0;0;0;0;0;0;0;1;0;0;0;0
60.0;1;0;0;762917.0;168;0;0;1;0;0;0;0;0;0;0;0;0;0;0;0;0;1;0;0;0;0
41.0;1;0;0;1345000.0;135;0;0;1;0;0;0;0;0;0;0;0;0;1;0;0;0;0;0;0;0;0
45.0;1;0;0;265500.0;76;0;0;0;0;0;0;0;0;0;0;1;0;0;0;0;0;0;0;0;0;1
29.8811345124283;1;0;0;310000.0;211;0;0;0;0;0;0;0;0;0;0;0;0;0;0;0;1;0;0;0;0;1
42.0;1;0;0;262875.0;106;0;0;0;0;0;0;0;0;0;0;0;0;0;0;0;1;0;0;0;0;1
53.0;1;0;0;274458.0;68;0;0;1;0;0;0;0;0;0;0;0;0;0;0;0;0;1;0;0;0;0
36.0;1;0;1;5123292.0;88;1;0;1;0;0;0;0;0;0;0;0;0;0;0;0;1;0;0;0;0;1
58.0;1;0;1;5123292.0;76;1;0;1;0;0;0;0;0;0;0;0;0;0;0;0;0;1;0;0;0;0
33.0;1;0;0;50000.0;182;0;0;0;0;0;0;0;0;0;0;0;0;0;0;0;1;0;0;0;0;1
28.0;1;0;0;471000.0;39;0;0;0;0;0;0;0;0;0;0;0;0;0;0;0;1;0;0;0;0;1
17.0;1;0;0;471000.0;203;0;0;0;0;0;0;0;0;0;0;0;0;0;0;0;1;0;0;0;0;1
11.0;1;1;2;1200000.0;18;3;0;0;0;0;0;0;0;0;0;0;1;0;0;0;0;0;0;0;0;1
14.0;1;1;2;1200000.0;237;3;0;0;0;0;0;0;0;0;0;0;0;1;0;0;0;0;0;0;0;0
36.0;1;1;2;1200000.0;201;3;0;0;0;0;0;0;0;0;0;0;0;0;0;0;1;0;0;0;0;1
36.0;1;1;2;1200000.0;105;3;0;0;0;0;0;0;0;0;0;0;0;0;0;0;0;1;0;0;0;0
49.0;1;0;0;260000.0;30;0;0;0;0;0;0;0;0;0;0;0;0;0;0;0;1;0;0;0;0;1
29.8811345124283;1;0;0;277208.0;220;0;0;1;0;0;0;0;0;0;0;0;0;0;0;0;0;1;0;0;0;0
36.0;1;1;0;788500.0;79;1;0;0;0;0;0;0;0;0;0;0;0;0;0;0;1;0;0;0;0;1
76.0;1;1;0;788500.0;96;1;0;0;0;0;0;0;0;0;0;0;0;0;0;0;0;1;0;0;0;0
46.0;1;1;0;611750.0;131;1;0;0;0;0;0;0;0;0;0;0;0;0;0;0;1;0;0;0;0;1
47.0;1;1;0;611750.0;149;1;0;0;0;0;0;0;0;0;0;0;0;0;0;0;0;1;0;0;0;0
27.0;1;1;0;531000.0;116;1;0;0;0;0;0;0;0;0;0;0;0;0;0;0;1;0;0;0;0;1
33.0;1;1;0;531000.0;94;1;0;0;0;0;0;0;0;0;0;0;0;0;0;0;0;1;0;0;0;0
36.0;1;0;0;2623750.0;16;0;0;1;0;0;0;0;0;0;0;0;0;1;0;0;0;0;0;0;0;0
30.0;1;0;0;865000.0;25;0;0;0;0;0;0;0;0;0;0;0;0;1;0;0;0;0;0;0;0;0
45.0;1;0;0;297000.0;106;0;0;1;0;0;0;0;0;0;0;0;0;0;0;0;1;0;0;0;0;1
29.8811345124283;1;0;1;550000.0;239;1;0;0;0;0;0;0;0;0;0;0;0;0;0;0;0;1;0;0;0;0
29.8811345124283;1;0;0;0.0;250;0;0;0;0;0;0;0;0;0;0;0;0;0;0;0;1;0;0;0;0;1
27.0;1;1;0;1367792.0;234;1;0;1;0;0;0;0;0;0;0;0;0;0;0;0;1;0;0;0;0;1
26.0;1;1;0;1367792.0;105;1;0;1;0;0;0;0;0;0;0;0;0;0;0;0;0;1;0;0;0;0
22.0;1;0;0;1515500.0;41;0;0;0;0;0;0;0;0;0;0;0;0;1;0;0;0;0;0;0;0;0
29.8811345124283;1;0;0;520000.0;250;0;0;0;0;0;0;0;0;0;0;0;0;0;0;0;1;0;0;0;0;1
47.0;1;0;0;255875.0;210;0;0;0;0;0;0;0;0;0;0;0;0;0;0;0;1;0;0;0;0;1
39.0;1;1;1;831583.0;233;2;0;1;0;0;0;0;0;0;0;0;0;1;0;0;0;0;0;0;0;0
37.0;1;1;1;831583.0;102;2;0;1;0;0;0;0;0;0;0;0;0;0;0;0;1;0;0;0;0;1
64.0;1;0;2;831583.0;211;2;0;1;0;0;0;0;0;0;0;0;0;0;0;0;0;1;0;0;0;0
55.0;1;2;0;257000.0;151;2;0;0;0;0;0;0;0;0;0;0;0;0;0;0;0;1;0;0;0;0
29.8811345124283;1;0;0;265500.0;144;0;0;0;0;0;0;0;0;0;0;0;0;0;0;0;1;0;0;0;0;1
70.0;1;1;1;710000.0;14;2;0;0;0;0;0;0;0;0;0;0;0;0;0;0;0;0;0;0;0;1
36.0;1;0;2;710000.0;3;2;0;0;0;0;0;0;0;0;0;0;0;1;0;0;0;0;0;0;0;0
64.0;1;1;1;265500.0;166;2;0;0;0;0;0;0;0;0;0;0;0;0;0;0;0;1;0;0;0;0
39.0;1;1;0;712833.0;189;1;0;1;0;0;0;0;0;0;0;0;0;0;0;0;1;0;0;0;0;1
38.0;1;1;0;712833.0;82;1;0;1;0;0;0;0;0;0;0;0;0;0;0;0;0;1;0;0;0;0
51.0;1;0;0;265500.0;127;0;0;0;0;0;0;0;0;0;0;0;0;0;0;0;1;0;0;0;0;1
27.0;1;0;0;305000.0;98;0;0;0;0;0;0;0;0;0;0;0;0;0;0;0;1;0;0;0;0;1
33.0;1;0;0;1515500.0;135;0;0;0;0;0;0;0;0;0;0;0;0;1;0;0;0;0;0;0;0;0
31.0;1;1;0;520000.0;55;1;0;0;0;0;0;0;0;0;0;0;0;0;0;0;1;0;0;0;0;1
27.0;1;1;2;520000.0;61;3;0;0;0;0;0;0;0;0;0;0;0;0;0;0;0;1;0;0;0;0
31.0;1;1;0;570000.0;184;1;0;0;0;0;0;0;0;0;0;0;0;0;0;0;1;0;0;0;0;1
17.0;1;1;0;570000.0;199;1;0;0;0;0;0;0;0;0;0;0;0;0;0;0;0;1;0;0;0;0
53.0;1;1;1;818583.0;182;2;0;0;0;0;0;0;1;0;0;0;0;0;0;0;0;0;0;0;0;1
4.0;1;0;2;818583.0;75;2;0;0;0;0;0;0;0;0;0;0;1;0;0;0;0;0;0;0;0;1
54.0;1;1;1;818583.0;197;2;0;0;0;0;0;0;0;0;0;0;0;0;0;0;0;1;0;0;0;0
50.0;1;1;0;1064250.0;128;1;0;1;0;0;0;0;0;0;0;0;0;0;0;0;1;0;0;0;0;1
27.0;1;1;1;2475208.0;247;2;0;1;0;0;0;0;0;0;0;0;0;0;0;0;0;1;0;0;0;0
48.0;1;1;0;1064250.0;153;1;0;1;0;0;0;0;0;0;0;0;0;0;0;0;0;1;0;0;0;0
48.0;1;1;0;396000.0;76;1;0;1;0;0;0;0;0;0;1;0;0;0;0;0;0;0;0;0;0;0
49.0;1;1;0;569292.0;232;1;0;1;0;0;0;0;0;0;0;0;0;0;0;0;0;0;0;0;1;1
39.0;1;0;0;297000.0;229;0;0;1;0;0;0;0;0;0;0;0;0;0;0;0;1;0;0;0;0;1
23.0;1;0;1;831583.0;102;1;0;1;0;0;0;0;0;0;0;0;0;0;0;0;0;1;0;0;0;0
38.0;1;0;0;2275250.0;144;0;0;1;0;0;0;0;0;0;0;0;0;1;0;0;0;0;0;0;0;0
54.0;1;1;0;782667.0;22;1;0;1;0;0;0;0;0;0;0;0;0;1;0;0;0;0;0;0;0;0
36.0;1;0;0;316792.0;126;0;0;1;0;0;0;0;0;0;0;0;0;1;0;0;0;0;0;0;0;0
29.8811345124283;1;0;0;2217792.0;90;0;0;0;0;0;0;0;0;0;0;0;0;0;0;0;1;0;0;0;0;1
29.8811345124283;1;0;0;316833.0;94;0;0;0;0;0;0;0;0;0;0;0;0;0;0;0;0;1;0;0;0;0
29.8811345124283;1;0;0;1108833.0;98;0;0;1;0;0;0;0;0;0;0;0;0;1;0;0;0;0;0;0;0;0
36.0;1;0;0;263875.0;230;0;0;0;0;0;0;0;0;0;0;0;0;0;0;0;1;0;0;0;0;1
30.0;1;0;0;277500.0;46;0;0;1;0;0;0;0;0;0;0;0;0;0;0;0;1;0;0;0;0;1
24.0;1;3;2;2630000.0;59;5;0;0;0;0;0;0;0;0;0;0;0;1;0;0;0;0;0;0;0;0
28.0;1;3;2;2630000.0;162;5;0;0;0;0;0;0;0;0;0;0;0;1;0;0;0;0;0;0;0;0
23.0;1;3;2;2630000.0;12;5;0;0;0;0;0;0;0;0;0;0;0;1;0;0;0;0;0;0;0;0
19.0;1;3;2;2630000.0;60;5;0;0;0;0;0;0;0;0;0;0;0;0;0;0;1;0;0;0;0;1
64.0;1;1;4;2630000.0;37;5;0;0;0;0;0;0;0;0;0;0;0;0;0;0;1;0;0;0;0;1
60.0;1;1;4;2630000.0;19;5;0;0;0;0;0;0;0;0;0;0;0;0;0;0;0;1;0;0;0;0
30.0;1;0;0;569292.0;215;0;0;1;0;0;0;0;0;0;0;0;0;1;0;0;0;0;0;0;0;0
29.8811345124283;1;0;0;265500.0;22;0;0;0;0;0;0;0;0;0;0;0;0;0;0;0;1;0;0;0;0;1
50.0;1;2;0;1336500.0;47;2;0;0;0;0;0;0;1;0;0;0;0;0;0;0;0;0;0;0;0;1
43.0;1;1;0;277208.0;122;1;0;1;0;0;0;0;0;0;0;0;0;0;0;0;1;0;0;0;0;1
29.8811345124283;1;1;0;1336500.0;256;1;0;0;0;0;0;0;0;0;0;0;0;0;0;0;0;1;0;0;0;0
22.0;1;0;2;495000.0;101;2;0;1;0;0;0;0;0;0;0;0;0;1;0;0;0;0;0;0;0;0
60.0;1;1;1;792000.0;253;2;0;1;0;0;0;0;0;0;0;0;0;0;0;0;1;0;0;0;0;1
48.0;1;1;1;792000.0;104;2;0;1;0;0;0;0;0;0;0;0;0;0;0;0;0;1;0;0;0;0
29.8811345124283;1;0;0;0.0;134;0;0;0;0;0;0;0;0;0;0;0;0;0;0;0;1;0;0;0;0;1
37.0;1;1;0;531000.0;215;1;0;0;0;0;0;0;0;0;0;0;0;0;0;0;1;0;0;0;0;1
35.0;1;1;0;531000.0;20;1;0;0;0;0;0;0;0;0;0;0;0;0;0;0;0;1;0;0;0;0
47.0;1;0;0;385000.0;33;0;0;0;0;0;0;0;0;0;0;0;0;0;0;0;1;0;0;0;0;1
35.0;1;0;0;2115000.0;99;0;0;1;0;0;0;0;0;0;0;0;0;1;0;0;0;0;0;0;0;0
22.0;1;0;1;594000.0;225;1;0;1;0;0;0;0;0;0;0;0;0;1;0;0;0;0;0;0;0;0
45.0;1;0;1;594000.0;37;1;0;1;0;0;0;0;0;0;0;0;0;0;0;0;0;1;0;0;0;0
24.0;1;0;0;792000.0;151;0;0;1;0;0;0;0;0;0;0;0;0;0;0;0;1;0;0;0;0;1
49.0;1;1;0;891042.0;177;1;0;1;0;0;0;0;0;0;0;0;0;0;0;0;1;0;0;0;0;1
29.8811345124283;1;1;0;891042.0;24;1;0;1;0;0;0;0;0;0;0;0;0;0;0;0;0;1;0;0;0;0
71.0;1;0;0;346542.0;15;0;0;1;0;0;0;0;0;0;0;0;0;0;0;0;1;0;0;0;0;1
53.0;1;0;0;285000.0;223;0;0;1;1;0;0;0;0;0;0;0;0;0;0;0;0;0;0;0;0;1
19.0;1;0;0;300000.0;95;0;0;0;0;0;0;0;0;0;0;0;0;1;0;0;0;0;0;0;0;0
38.0;1;0;1;1534625.0;38;1;0;0;0;0;0;0;0;0;0;0;0;0;0;0;1;0;0;0;0;1
58.0;1;0;1;1534625.0;103;1;0;0;0;0;0;0;0;0;0;0;0;0;0;0;0;1;0;0;0;0
23.0;1;0;1;633583.0;3;1;0;1;0;0;0;0;0;0;0;0;0;0;0;0;1;0;0;0;0;1
45.0;1;0;1;633583.0;44;1;0;1;0;0;0;0;0;0;0;0;0;0;0;0;0;1;0;0;0;0
46.0;1;0;0;792000.0;140;0;0;1;0;0;0;0;0;0;0;0;0;0;0;0;1;0;0;0;0;1
25.0;1;1;0;554417.0;71;1;0;1;0;0;0;0;0;0;0;0;0;0;0;0;1;0;0;0;0;1
25.0;1;1;0;554417.0;47;1;0;1;0;0;0;0;0;0;0;0;0;0;0;0;0;1;0;0;0;0
48.0;1;1;0;767292.0;48;1;0;1;0;0;0;0;0;0;0;0;0;0;0;0;1;0;0;0;0;1
49.0;1;1;0;767292.0;48;1;0;1;0;0;0;0;0;0;0;0;0;0;0;0;0;1;0;0;0;0
29.8811345124283;1;0;0;424000.0;41;0;0;0;0;0;0;0;0;0;0;0;0;0;0;0;1;0;0;0;0;1
45.0;1;1;0;834750.0;141;1;0;0;0;0;0;0;0;0;0;0;0;0;0;0;1;0;0;0;0;1
35.0;1;1;0;834750.0;35;1;0;0;0;0;0;0;0;0;0;0;0;0;0;0;0;1;0;0;0;0
40.0;1;0;0;0.0;150;0;0;0;0;0;0;0;0;0;0;0;0;0;0;0;1;0;0;0;0;1
27.0;1;0;0;767292.0;215;0;0;1;0;0;0;0;0;0;0;0;0;0;0;0;1;0;0;0;0;1
29.8811345124283;1;0;0;300000.0;232;0;0;0;0;0;0;0;0;0;0;0;0;0;0;0;1;0;0;0;0;1
24.0;1;0;0;831583.0;119;0;0;1;0;0;0;0;0;0;0;0;0;1;0;0;0;0;0;0;0;0
55.0;1;1;1;935000.0;94;2;0;0;0;0;0;0;0;0;0;0;0;0;0;0;1;0;0;0;0;1
52.0;1;1;1;935000.0;129;2;0;0;0;0;0;0;0;0;0;0;0;0;0;0;0;1;0;0;0;0
42.0;1;0;0;425000.0;118;0;0;0;0;0;0;0;0;0;0;0;0;0;0;0;1;0;0;0;0;1
29.8811345124283;1;0;0;518625.0;90;0;0;0;0;0;0;0;0;0;0;0;0;0;0;0;1;0;0;0;0;1
55.0;1;0;0;500000.0;119;0;0;0;0;0;0;0;0;0;0;0;0;0;0;0;1;0;0;0;0;1
16.0;1;0;1;579792.0;192;1;0;1;0;0;0;0;0;0;0;0;0;1;0;0;0;0;0;0;0;0
44.0;1;0;1;579792.0;121;1;0;1;0;0;0;0;0;0;0;0;0;0;0;0;0;1;0;0;0;0
51.0;1;1;0;779583.0;188;1;0;0;0;0;0;0;0;0;0;0;0;0;0;0;0;1;0;0;0;0
42.0;1;1;0;520000.0;209;1;0;0;0;0;0;0;0;0;0;0;0;0;0;0;1;0;0;0;0;1
35.0;1;1;0;520000.0;145;1;0;0;0;0;0;0;0;0;0;0;0;0;0;0;0;1;0;0;0;0
35.0;1;0;0;265500.0;73;0;0;1;0;0;0;0;0;0;0;0;0;0;0;0;1;0;0;0;0;1
38.0;1;1;0;900000.0;138;1;0;0;0;0;0;0;0;0;0;0;0;0;0;0;1;0;0;0;0;1
29.8811345124283;1;0;0;306958.0;106;0;0;1;0;0;0;0;0;0;0;0;0;0;0;0;1;0;0;0;0;1
35.0;1;1;0;900000.0;159;1;0;0;0;0;0;0;0;0;0;0;0;0;0;0;0;1;0;0;0;0
38.0;1;0;0;800000.0;20;0;1;0;0;0;0;0;0;0;0;0;0;1;0;0;0;0;0;0;0;0
50.0;1;0;0;287125.0;80;0;0;1;0;0;0;0;0;0;0;0;0;1;0;0;0;0;0;0;0;0
49.0;1;0;0;0.0;127;0;0;0;0;0;0;0;0;0;0;0;0;0;0;0;1;0;0;0;0;1
46.0;1;0;0;260000.0;157;0;0;0;0;0;0;0;0;0;0;0;0;0;0;0;1;0;0;0;0;1
50.0;1;0;0;260000.0;96;0;0;0;0;0;0;0;0;0;0;0;0;0;0;0;1;0;0;0;0;1
32.5;1;0;0;2115000.0;36;0;0;1;0;0;0;0;0;0;0;0;0;0;0;0;1;0;0;0;0;1
58.0;1;0;0;297000.0;227;0;0;1;0;0;0;0;0;0;0;0;0;0;0;0;1;0;0;0;0;1
41.0;1;1;0;518625.0;9;1;0;0;0;0;0;0;0;0;0;0;0;0;0;0;1;0;0;0;0;1
29.8811345124283;1;1;0;518625.0;229;1;0;0;0;0;0;0;0;0;0;0;0;0;0;0;0;1;0;0;0;0
42.0;1;1;0;525542.0;75;1;0;0;0;0;0;0;0;0;0;0;0;0;0;0;1;0;0;0;0;1
45.0;1;1;0;525542.0;89;1;0;0;0;0;0;0;0;0;0;0;0;0;0;0;0;1;0;0;0;0
29.8811345124283;1;0;0;265500.0;72;0;0;0;0;0;0;0;0;0;0;0;0;0;0;0;1;0;0;0;0;1
39.0;1;0;0;2113375.0;27;0;0;0;0;0;0;0;0;0;0;0;0;1;0;0;0;0;0;0;0;0
49.0;1;0;0;259292.0;174;0;0;0;0;0;0;0;1;0;0;0;0;0;0;0;0;0;0;0;0;0
30.0;1;0;0;1064250.0;23;0;0;1;0;0;0;0;0;0;0;0;0;1;0;0;0;0;0;0;0;0
35.0;1;0;0;5123292.0;209;0;0;1;0;0;0;0;0;0;0;0;0;0;0;0;1;0;0;0;0;1
29.8811345124283;1;0;0;277208.0;18;0;0;1;0;0;0;0;0;0;0;0;0;0;0;0;1;0;0;0;0;1
42.0;1;0;0;265500.0;103;0;0;0;0;0;0;0;0;0;0;0;0;0;0;0;1;0;0;0;0;1
55.0;1;0;0;277208.0;94;0;0;1;0;0;0;0;0;0;0;0;0;0;0;0;0;1;0;0;0;0
16.0;1;0;1;394000.0;198;1;0;0;0;0;0;0;0;0;0;0;0;1;0;0;0;0;0;0;0;0
51.0;1;0;1;394000.0;33;1;0;0;0;0;0;0;0;0;0;0;0;0;0;0;0;1;0;0;0;0
29.0;1;0;0;300000.0;166;0;0;0;0;0;0;0;0;0;0;0;0;0;0;0;1;0;0;0;0;1
21.0;1;0;0;779583.0;50;0;0;0;0;0;0;0;0;0;0;0;0;1;0;0;0;0;0;0;0;0
30.0;1;0;0;455000.0;202;0;0;0;0;0;0;0;0;0;0;0;0;0;0;0;1;0;0;0;0;1
58.0;1;0;0;1465208.0;250;0;0;1;0;0;0;0;0;0;0;0;0;1;0;0;0;0;0;0;0;0
15.0;1;0;1;2113375.0;86;1;0;0;0;0;0;0;0;0;0;0;0;1;0;0;0;0;0;0;0;0
30.0;1;0;0;260000.0;83;0;0;0;0;0;0;0;0;0;0;0;0;0;0;0;1;0;0;0;0;1
16.0;1;0;0;865000.0;217;0;0;0;0;0;0;0;0;0;0;0;0;1;0;0;0;0;0;0;0;0
29.8811345124283;1;0;0;297000.0;167;0;0;1;0;0;0;0;0;0;0;0;0;0;0;0;1;0;0;0;0;1
19.0;1;1;0;531000.0;121;1;0;0;0;0;0;0;0;0;0;0;0;0;0;0;1;0;0;0;0;1
18.0;1;1;0;531000.0;132;1;0;0;0;0;0;0;0;0;0;0;0;0;0;0;0;1;0;0;0;0
24.0;1;0;0;495042.0;232;0;0;1;0;0;0;0;0;0;0;0;0;0;1;0;0;0;0;0;0;0
46.0;1;0;0;752417.0;252;0;0;1;0;0;0;0;0;0;0;0;0;0;0;0;1;0;0;0;0;1
54.0;1;0;0;518625.0;29;0;0;0;0;0;0;0;0;0;0;0;0;0;0;0;1;0;0;0;0;1
36.0;1;0;0;262875.0;221;0;0;0;0;0;0;0;0;0;0;0;0;0;0;0;1;0;0;0;0;1
28.0;1;1;0;821708.0;237;1;0;1;0;0;0;0;0;0;0;0;0;0;0;0;1;0;0;0;0;1
29.8811345124283;1;1;0;821708.0;180;1;0;1;0;0;0;0;0;0;0;0;0;0;0;0;0;1;0;0;0;0
65.0;1;0;0;265500.0;86;0;0;0;0;0;0;0;0;0;0;0;0;0;0;0;1;0;0;0;0;1
44.0;1;2;0;900000.0;159;2;1;0;0;0;0;0;1;0;0;0;0;0;0;0;0;0;0;0;0;1
33.0;1;1;0;900000.0;78;1;1;0;0;0;0;0;0;0;0;0;0;1;0;0;0;0;0;0;0;0
37.0;1;1;0;900000.0;39;1;1;0;0;0;0;0;0;0;0;0;0;0;0;0;0;1;0;0;0;0
30.0;1;1;0;577500.0;8;1;0;1;0;0;0;0;0;0;0;0;0;0;0;0;1;0;0;0;0;1
55.0;1;0;0;305000.0;236;0;0;0;0;0;0;0;0;0;0;0;0;0;0;0;1;0;0;0;0;1
47.0;1;0;0;424000.0;243;0;0;0;0;0;0;0;0;0;0;0;0;0;0;0;1;0;0;0;0;1
37.0;1;0;1;297000.0;86;1;0;1;0;0;0;0;0;0;0;0;0;0;0;0;1;0;0;0;0;1
31.0;1;1;0;1132750.0;255;1;0;1;0;0;0;0;0;0;0;0;0;1;0;0;0;0;0;0;0;0
23.0;1;1;0;1132750.0;9;1;0;1;0;0;0;0;0;0;0;0;0;1;0;0;0;0;0;0;0;0
58.0;1;0;2;1132750.0;66;2;0;1;0;0;0;0;0;0;0;0;0;0;0;0;1;0;0;0;0;1
19.0;1;0;2;262833.0;174;2;0;0;0;0;0;0;0;0;0;0;0;1;0;0;0;0;0;0;0;0
64.0;1;0;0;260000.0;36;0;0;0;0;0;0;0;0;0;0;0;0;0;0;0;1;0;0;0;0;1
39.0;1;0;0;1089000.0;225;0;0;1;0;0;0;1;0;0;0;0;0;0;0;0;0;0;0;0;0;0
29.8811345124283;1;0;0;257417.0;40;0;0;1;0;0;0;0;0;0;0;0;0;0;0;0;1;0;0;0;0;1
22.0;1;0;1;619792.0;44;1;0;1;0;0;0;0;0;0;0;0;0;1;0;0;0;0;0;0;0;0
65.0;1;0;1;619792.0;153;1;0;1;0;0;0;0;0;0;0;0;0;0;0;0;1;0;0;0;0;1
28.5;1;0;0;277208.0;248;0;0;1;0;0;0;0;0;0;0;0;0;0;0;0;1;0;0;0;0;1
29.8811345124283;1;0;0;0.0;73;0;0;0;0;0;0;0;0;0;0;0;0;0;0;0;1;0;0;0;0;1
45.5;1;0;0;285000.0;173;0;0;0;0;0;0;0;0;0;0;0;0;0;0;0;1;0;0;0;0;1
23.0;1;0;0;935000.0;152;0;0;0;0;0;0;0;0;0;0;0;0;0;0;0;1;0;0;0;0;1
29.0;1;1;0;666000.0;122;1;0;0;0;0;0;0;0;0;0;0;0;0;0;0;1;0;0;0;0;1
22.0;1;1;0;666000.0;50;1;0;0;0;0;0;0;0;0;0;0;0;0;0;0;0;1;0;0;0;0
18.0;1;1;0;1089000.0;66;1;0;1;0;0;0;0;0;0;0;0;0;0;0;0;1;0;0;0;0;1
17.0;1;1;0;1089000.0;38;1;0;1;0;0;0;0;0;0;0;0;0;0;0;0;0;1;0;0;0;0
30.0;1;0;0;935000.0;204;0;0;0;0;0;0;0;0;0;0;0;0;1;0;0;0;0;0;0;0;0
52.0;1;0;0;305000.0;54;0;0;0;0;0;0;0;0;0;0;1;0;0;0;0;0;0;0;0;0;1
47.0;1;0;0;520000.0;123;0;0;0;0;0;0;0;0;0;0;0;0;0;0;0;1;0;0;0;0;1
56.0;1;0;1;831583.0;108;1;0;1;0;0;0;0;0;0;0;0;0;0;0;0;0;1;0;0;0;0
38.0;1;0;0;0.0;150;0;0;0;0;0;0;0;0;1;0;0;0;0;0;0;0;0;0;0;0;1
29.8811345124283;1;0;0;396000.0;145;0;0;0;0;0;0;0;0;0;0;0;0;0;0;0;1;0;0;0;0;1
22.0;1;0;0;1356333.0;31;0;0;1;0;0;0;0;0;0;0;0;0;0;0;0;1;0;0;0;0;1
29.8811345124283;1;0;0;2275250.0;210;0;0;1;0;0;0;0;0;0;0;0;0;0;0;0;1;0;0;0;0;1
43.0;1;0;1;2113375.0;222;1;0;0;0;0;0;0;0;0;0;0;0;0;0;0;0;1;0;0;0;0
31.0;1;0;0;504958.0;134;0;0;0;0;0;0;0;0;0;0;0;0;0;0;0;1;0;0;0;0;1
45.0;1;0;0;265500.0;29;0;0;0;0;0;0;0;0;0;0;0;0;0;0;0;1;0;0;0;0;1
29.8811345124283;1;0;0;500000.0;69;0;0;0;0;0;0;0;0;0;0;0;0;0;0;0;1;0;0;0;0;1
33.0;1;0;0;277208.0;219;0;0;1;0;0;0;0;0;0;0;0;0;1;0;0;0;0;0;0;0;0
46.0;1;0;0;792000.0;23;0;0;1;0;0;0;0;0;0;0;0;0;0;0;0;1;0;0;0;0;1
36.0;1;0;0;401250.0;238;0;0;1;0;0;0;0;0;0;0;0;0;0;0;0;1;0;0;0;0;1
33.0;1;0;0;865000.0;214;0;0;0;0;1;0;0;0;0;0;0;0;0;0;0;0;0;0;0;0;0
55.0;1;1;0;594000.0;197;1;0;1;0;0;0;0;0;0;0;0;0;0;0;0;1;0;0;0;0;1
54.0;1;1;0;594000.0;178;1;0;1;0;0;0;0;0;0;0;0;0;0;0;0;0;1;0;0;0;0
33.0;1;0;0;265500.0;66;0;0;0;0;0;0;0;0;0;0;0;0;0;0;0;1;0;0;0;0;1
13.0;1;2;2;2623750.0;207;4;0;1;0;0;0;0;0;0;0;0;1;0;0;0;0;0;0;0;0;1
18.0;1;2;2;2623750.0;245;4;0;1;0;0;0;0;0;0;0;0;0;1;0;0;0;0;0;0;0;0
21.0;1;2;2;2623750.0;228;4;0;1;0;0;0;0;0;0;0;0;0;1;0;0;0;0;0;0;0;0
61.0;1;1;3;2623750.0;235;4;0;1;0;0;0;0;0;0;0;0;0;0;0;0;1;0;0;0;0;1
48.0;1;1;3;2623750.0;33;4;0;1;0;0;0;0;0;0;0;0;0;0;0;0;0;1;0;0;0;0
29.8811345124283;1;0;0;305000.0;37;0;0;0;0;0;0;0;0;0;0;0;0;0;0;0;1;0;0;0;0;1
24.0;1;0;0;693000.0;256;0;0;1;0;0;0;0;0;0;0;0;0;0;1;0;0;0;0;0;0;0
29.8811345124283;1;0;0;260000.0;222;0;0;0;0;0;0;0;0;0;0;0;0;0;0;0;1;0;0;0;0;1
35.0;1;1;0;577500.0;189;1;0;1;0;0;0;0;0;0;0;0;0;0;0;0;0;1;0;0;0;0
30.0;1;0;0;310000.0;119;0;0;1;0;0;0;0;0;0;0;0;0;1;0;0;0;0;0;0;0;0
34.0;1;0;0;265500.0;38;0;0;0;0;0;0;0;0;0;0;0;0;0;0;0;1;0;0;0;0;1
40.0;1;0;0;1534625.0;200;0;0;0;0;0;0;0;0;0;0;0;0;1;0;0;0;0;0;0;0;0
35.0;1;0;0;262875.0;244;0;0;0;0;0;0;0;0;0;0;0;0;0;0;0;1;0;0;0;0;1
50.0;1;1;0;559000.0;194;1;0;0;0;0;0;0;0;0;0;0;0;0;0;0;1;0;0;0;0;1
39.0;1;1;0;559000.0;148;1;0;0;0;0;0;0;0;0;0;0;0;0;0;0;0;1;0;0;0;0
56.0;1;0;0;355000.0;149;0;0;1;1;0;0;0;0;0;0;0;0;0;0;0;0;0;0;0;0;1
28.0;1;0;0;355000.0;118;0;0;0;0;0;0;0;0;0;0;0;0;0;0;0;1;0;0;0;0;1
56.0;1;0;0;265500.0;77;0;0;0;0;0;0;0;0;0;0;0;0;0;0;0;1;0;0;0;0;1
56.0;1;0;0;306958.0;97;0;0;1;0;0;0;0;0;0;0;0;0;0;0;0;1;0;0;0;0;1
24.0;1;1;0;600000.0;30;1;0;0;0;0;0;0;0;0;0;0;0;0;0;0;1;0;0;0;0;1
29.8811345124283;1;0;0;260000.0;239;0;0;0;0;0;0;0;0;0;0;0;0;0;0;0;1;0;0;0;0;1
18.0;1;1;0;600000.0;114;1;0;0;0;0;0;0;0;0;0;0;0;0;0;0;0;1;0;0;0;0
24.0;1;1;0;822667.0;239;1;0;0;0;0;0;0;0;0;0;0;0;0;0;0;1;0;0;0;0;1
23.0;1;1;0;822667.0;179;1;0;0;0;0;0;0;0;0;0;0;0;0;0;0;0;1;0;0;0;0
6.0;1;0;2;1345000.0;40;2;0;1;0;0;0;0;0;0;0;0;1;0;0;0;0;0;0;0;0;1
45.0;1;1;1;1345000.0;220;2;0;1;0;0;0;0;0;0;0;0;0;0;0;0;1;0;0;0;0;1
40.0;1;1;1;1345000.0;221;2;0;1;0;0;0;0;0;0;0;0;0;0;0;0;0;1;0;0;0;0
57.0;1;1;0;1465208.0;7;1;0;1;0;0;0;0;0;0;0;0;0;0;0;0;1;0;0;0;0;1
29.8811345124283;1;1;0;1465208.0;217;1;0;1;0;0;0;0;0;0;0;0;0;0;0;0;0;1;0;0;0;0
32.0;1;0;0;305000.0;134;0;0;1;0;0;0;0;1;0;0;0;0;0;0;0;0;0;0;0;0;1
62.0;1;0;0;265500.0;180;0;0;0;0;0;0;0;0;0;0;0;0;0;0;0;1;0;0;0;0;1
54.0;1;1;0;554417.0;210;1;0;1;0;0;0;0;0;0;0;0;0;0;0;0;1;0;0;0;0;1
43.0;1;1;0;554417.0;232;1;0;1;0;0;0;0;0;0;0;0;0;0;0;0;0;1;0;0;0;0
52.0;1;1;0;782667.0;92;1;0;1;0;0;0;0;0;0;0;0;0;0;0;0;0;1;0;0;0;0
29.8811345124283;1;0;0;277208.0;137;0;0;1;0;0;0;0;0;0;0;0;0;0;0;0;1;0;0;0;0;1
62.0;1;0;0;800000.0;81;0;1;0;0;0;0;0;0;0;0;0;0;0;0;0;0;1;0;0;0;0
67.0;1;1;0;2217792.0;221;1;0;0;0;0;0;0;0;0;0;0;0;0;0;0;1;0;0;0;0;1
63.0;1;1;0;2217792.0;158;1;0;0;0;0;0;0;0;0;0;0;0;0;0;0;0;1;0;0;0;0
61.0;1;0;0;323208.0;111;0;0;0;0;0;0;0;0;0;0;0;0;0;0;0;1;0;0;0;0;1
48.0;1;0;0;259292.0;55;0;0;0;0;0;0;0;0;0;0;0;0;0;0;0;0;1;0;0;0;0
18.0;1;0;2;796500.0;204;2;0;0;0;0;0;0;0;0;0;0;0;1;0;0;0;0;0;0;0;0
52.0;1;1;1;796500.0;81;2;0;0;0;0;0;0;0;0;0;0;0;0;0;0;1;0;0;0;0;1
39.0;1;1;1;796500.0;28;2;0;0;0;0;0;0;0;0;0;0;0;0;0;0;0;1;0;0;0;0
48.0;1;1;0;520000.0;19;1;0;0;0;0;0;0;0;0;0;0;0;0;0;0;1;0;0;0;0;1
29.8811345124283;1;1;0;520000.0;235;1;0;0;0;0;0;0;0;0;0;0;0;0;0;0;0;1;0;0;0;0
49.0;1;1;1;1108833.0;168;2;0;1;0;0;0;0;0;0;0;0;0;0;0;0;1;0;0;0;0;1
17.0;1;0;2;1108833.0;225;2;0;1;0;0;0;0;0;0;0;0;0;0;0;0;1;0;0;0;0;1
39.0;1;1;1;1108833.0;250;2;0;1;0;0;0;0;0;0;0;0;0;0;0;0;0;1;0;0;0;0
29.8811345124283;1;0;0;792000.0;171;0;0;1;0;0;0;0;0;0;0;0;0;0;0;0;0;1;0;0;0;0
31.0;1;0;0;285375.0;175;0;0;1;0;0;0;0;0;0;0;0;0;0;0;0;1;0;0;0;0;1
40.0;1;0;0;277208.0;17;0;0;1;0;0;1;0;0;0;0;0;0;0;0;0;0;0;0;0;0;1
61.0;1;0;0;335000.0;246;0;0;0;0;0;0;0;0;0;0;0;0;0;0;0;1;0;0;0;0;1
47.0;1;0;0;340208.0;183;0;0;0;0;0;0;0;0;0;0;0;0;0;0;0;1;0;0;0;0;1
35.0;1;0;0;5123292.0;94;0;0;1;0;0;0;0;0;0;0;0;0;1;0;0;0;0;0;0;0;0
64.0;1;1;0;752500.0;75;1;0;1;0;0;0;0;0;0;0;0;0;0;0;0;1;0;0;0;0;1
60.0;1;1;0;752500.0;27;1;0;1;0;0;0;0;0;0;0;0;0;0;0;0;0;1;0;0;0;0
60.0;1;0;0;265500.0;256;0;0;0;1;0;0;0;0;0;0;0;0;0;0;0;0;0;0;0;0;1
54.0;1;0;1;772875.0;47;1;0;0;0;0;0;0;0;0;0;0;0;0;0;0;1;0;0;0;0;1
21.0;1;0;1;772875.0;27;1;0;0;0;0;0;0;0;0;0;0;0;0;0;0;1;0;0;0;0;1
55.0;1;0;0;1356333.0;152;0;0;1;0;0;0;0;0;0;0;0;0;0;0;0;0;1;0;0;0;0
31.0;1;0;2;1648667.0;121;2;0;0;0;0;0;0;0;0;0;0;0;1;0;0;0;0;0;0;0;0
57.0;1;1;1;1648667.0;147;2;0;0;0;0;0;0;0;0;0;0;0;0;0;0;1;0;0;0;0;1
45.0;1;1;1;1648667.0;22;2;0;0;0;0;0;0;0;0;0;0;0;0;0;0;0;1;0;0;0;0
50.0;1;1;1;2115000.0;134;2;0;1;0;0;0;0;0;0;0;0;0;0;0;0;1;0;0;0;0;1
27.0;1;0;2;2115000.0;50;2;0;1;0;0;0;0;0;0;0;0;0;0;0;0;1;0;0;0;0;1
50.0;1;1;1;2115000.0;156;2;0;1;0;0;0;0;0;0;0;0;0;0;0;0;0;1;0;0;0;0
21.0;1;0;0;265500.0;199;0;0;0;0;0;0;0;0;0;0;0;0;1;0;0;0;0;0;0;0;0
51.0;1;0;1;613792.0;17;1;0;1;0;0;0;0;0;0;0;0;0;0;0;0;1;0;0;0;0;1
21.0;1;0;1;613792.0;46;1;0;1;0;0;0;0;0;0;0;0;0;0;0;0;1;0;0;0;0;1
29.8811345124283;1;0;0;350000.0;194;0;0;0;0;0;0;0;0;0;0;0;0;0;0;0;1;0;0;0;0;1
31.0;1;0;0;1345000.0;117;0;0;1;0;0;0;0;0;0;0;0;0;1;0;0;0;0;0;0;0;0
29.8811345124283;1;0;0;355000.0;3;0;0;0;0;0;0;0;0;0;0;0;0;0;0;0;1;0;0;0;0;1
62.0;1;0;0;265500.0;154;0;0;0;0;0;0;0;0;0;0;0;0;0;0;0;1;0;0;0;0;1
36.0;1;0;0;1356333.0;1;0;0;1;0;0;0;0;0;0;0;0;0;1;0;0;0;0;0;0;0;0
30.0;2;1;0;240000.0;116;1;0;1;0;0;0;0;0;0;0;0;0;0;0;0;1;0;0;0;0;1
28.0;2;1;0;240000.0;98;1;0;1;0;0;0;0;0;0;0;0;0;0;0;0;0;1;0;0;0;0
30.0;2;0;0;130000.0;93;0;0;0;0;0;0;0;0;0;0;0;0;0;0;0;1;0;0;0;0;1
18.0;2;0;0;115000.0;119;0;0;0;0;0;0;0;0;0;0;0;0;0;0;0;1;0;0;0;0;1
25.0;2;0;0;105000.0;95;0;0;0;0;0;0;0;0;0;0;0;0;0;0;0;1;0;0;0;0;1
34.0;2;1;0;260000.0;94;1;0;0;0;0;0;0;0;0;0;0;0;0;0;0;1;0;0;0;0;1
36.0;2;1;0;260000.0;96;1;0;0;0;0;0;0;0;0;0;0;0;0;0;0;0;1;0;0;0;0
57.0;2;0;0;130000.0;11;0;0;0;0;0;0;0;0;0;0;0;0;0;0;0;1;0;0;0;0;1
18.0;2;0;0;115000.0;179;0;0;0;0;0;0;0;0;0;0;0;0;0;0;0;1;0;0;0;0;1
23.0;2;0;0;105000.0;187;0;0;0;0;0;0;0;0;0;0;0;0;0;0;0;1;0;0;0;0;1
36.0;2;0;0;130000.0;78;0;0;0;0;0;0;0;0;0;0;0;0;0;0;0;0;1;0;0;0;0
28.0;2;0;0;105000.0;102;0;0;0;0;0;0;0;0;0;0;0;0;0;0;0;1;0;0;0;0;1
51.0;2;0;0;125250.0;176;0;0;0;0;0;0;0;0;0;0;0;0;0;0;0;0;0;0;1;0;1
32.0;2;1;0;260000.0;166;1;0;0;0;0;0;0;0;0;0;0;0;0;0;0;1;0;0;0;0;1
19.0;2;1;0;260000.0;143;1;0;0;0;0;0;0;0;0;0;0;0;0;0;0;0;1;0;0;0;0
28.0;2;0;0;260000.0;36;0;0;0;0;0;0;0;0;0;0;0;0;0;0;0;1;0;0;0;0;1
1.0;2;2;1;390000.0;22;3;0;0;0;0;0;0;0;0;0;0;1;0;0;0;0;0;0;0;0;1
4.0;2;2;1;390000.0;126;3;0;0;0;0;0;0;0;0;0;0;0;1;0;0;0;0;0;0;0;0
12.0;2;2;1;390000.0;130;3;0;0;0;0;0;0;0;0;0;0;0;1;0;0;0;0;0;0;0;0
36.0;2;0;3;390000.0;15;3;0;0;0;0;0;0;0;0;0;0;0;0;0;0;0;1;0;0;0;0
34.0;2;0;0;130000.0;146;0;0;0;0;0;0;0;0;0;0;0;0;0;0;0;1;0;0;0;0;1
19.0;2;0;0;130000.0;8;0;0;0;0;0;0;0;0;0;0;0;0;1;0;0;0;0;0;0;0;0
23.0;2;0;0;130000.0;86;0;0;0;0;0;0;0;0;0;0;0;0;0;0;0;1;0;0;0;0;1
26.0;2;0;0;130000.0;31;0;0;0;0;0;0;0;0;0;0;0;0;0;0;0;1;0;0;0;0;1
42.0;2;0;0;130000.0;248;0;0;0;0;0;0;0;0;0;0;0;0;0;0;0;1;0;0;0;0;1
27.0;2;0;0;130000.0;133;0;0;0;0;0;0;0;0;0;0;0;0;0;0;0;1;0;0;0;0;1
24.0;2;0;0;130000.0;100;0;0;0;0;0;0;0;0;0;0;0;0;1;0;0;0;0;0;0;0;0
15.0;2;0;2;390000.0;252;2;0;0;0;0;0;0;0;0;0;0;0;1;0;0;0;0;0;0;0;0
60.0;2;1;1;390000.0;60;2;0;0;0;0;0;0;0;0;0;0;0;0;0;0;1;0;0;0;0;1
40.0;2;1;1;390000.0;61;2;0;0;0;0;0;0;0;0;0;0;0;0;0;0;0;1;0;0;0;0
20.0;2;1;0;260000.0;119;1;0;0;0;0;0;0;0;0;0;0;0;1;0;0;0;0;0;0;0;0
25.0;2;1;0;260000.0;127;1;0;0;0;0;0;0;0;0;0;0;0;0;0;0;1;0;0;0;0;1
36.0;2;0;0;130000.0;174;0;0;0;0;0;0;0;0;0;0;0;0;1;0;0;0;0;0;0;0;0
25.0;2;0;0;130000.0;245;0;0;0;0;0;0;0;0;0;0;0;0;0;0;0;1;0;0;0;0;1
42.0;2;0;0;130000.0;247;0;0;0;0;0;0;0;0;0;0;0;0;0;0;0;0;0;0;1;0;1
42.0;2;0;0;130000.0;121;0;0;0;0;0;0;0;0;0;0;0;0;0;0;0;0;1;0;0;0;0
0.8333;2;0;2;290000.0;88;2;0;0;0;0;0;0;0;0;0;0;1;0;0;0;0;0;0;0;0;1
26.0;2;1;1;290000.0;94;2;0;0;0;0;0;0;0;0;0;0;0;0;0;0;1;0;0;0;0;1
22.0;2;1;1;290000.0;171;2;0;0;0;0;0;0;0;0;0;0;0;0;0;0;0;1;0;0;0;0
35.0;2;0;0;210000.0;33;0;0;0;0;0;0;0;0;0;0;0;0;1;0;0;0;0;0;0;0;0
29.8811345124283;2;0;0;0.0;31;0;0;0;0;0;0;0;0;0;0;0;0;0;0;0;1;0;0;0;0;1
19.0;2;0;0;130000.0;76;0;0;0;0;0;0;0;0;0;0;0;0;0;0;0;1;0;0;0;0;1
44.0;2;1;0;260000.0;106;1;0;0;0;0;0;0;0;0;0;0;0;0;0;0;0;1;0;0;0;0
54.0;2;1;0;260000.0;141;1;0;0;0;0;0;0;0;0;0;0;0;0;0;0;0;0;0;1;0;1
52.0;2;0;0;135000.0;76;0;0;0;0;0;0;0;0;0;0;0;0;0;0;0;1;0;0;0;0;1
37.0;2;1;0;260000.0;251;1;0;0;0;0;0;0;0;0;0;0;0;0;0;0;1;0;0;0;0;1
29.0;2;1;0;260000.0;182;1;0;0;0;0;0;0;0;0;0;0;0;0;0;0;0;1;0;0;0;0
25.0;2;1;1;300000.0;142;2;0;0;0;0;0;0;0;0;0;0;0;1;0;0;0;0;0;0;0;0
45.0;2;0;2;300000.0;231;2;0;0;0;0;0;0;0;0;0;0;0;0;0;0;0;1;0;0;0;0
29.0;2;1;0;260000.0;202;1;0;0;0;0;0;0;0;0;0;0;0;0;0;0;1;0;0;0;0;1
28.0;2;1;0;260000.0;244;1;0;0;0;0;0;0;0;0;0;0;0;0;0;0;0;1;0;0;0;0
29.0;2;0;0;105000.0;35;0;0;0;0;0;0;0;0;0;0;0;0;0;0;0;1;0;0;0;0;1
28.0;2;0;0;130000.0;92;0;0;0;0;0;0;0;0;0;0;0;0;0;0;0;1;0;0;0;0;1
24.0;2;0;0;105000.0;47;0;0;0;0;0;0;0;0;0;0;0;0;0;0;0;1;0;0;0;0;1
8.0;2;0;2;262500.0;52;2;0;0;0;0;0;0;0;0;0;0;0;1;0;0;0;0;0;0;0;0
31.0;2;1;1;262500.0;118;2;0;0;0;0;0;0;0;0;0;0;0;0;0;0;1;0;0;0;0;1
31.0;2;1;1;262500.0;121;2;0;0;0;0;0;0;0;0;0;0;0;0;0;0;0;1;0;0;0;0
22.0;2;0;0;105000.0;99;0;0;0;0;0;0;0;0;0;0;0;0;0;0;0;0;1;0;0;0;0
30.0;2;0;0;130000.0;25;0;0;0;0;0;0;0;0;0;0;0;0;0;0;0;0;1;0;0;0;0
29.8811345124283;2;0;0;210000.0;19;0;0;0;0;0;0;0;0;0;0;0;0;0;0;0;0;1;0;0;0;0
21.0;2;0;0;115000.0;176;0;0;0;0;0;0;0;0;0;0;0;0;0;0;0;1;0;0;0;0;1
29.8811345124283;2;0;0;0.0;109;0;0;0;0;0;0;0;0;0;0;0;0;0;0;0;1;0;0;0;0;1
8.0;2;1;1;367500.0;135;2;0;0;0;0;0;0;0;0;0;0;1;0;0;0;0;0;0;0;0;1
18.0;2;0;0;735000.0;153;0;0;0;0;0;0;0;0;0;0;0;0;0;0;0;1;0;0;0;0;1
48.0;2;0;2;367500.0;88;2;0;0;0;0;0;0;0;0;0;0;0;0;0;0;0;1;0;0;0;0
28.0;2;0;0;130000.0;225;0;0;0;0;0;0;0;0;0;0;0;0;1;0;0;0;0;0;0;0;0
32.0;2;0;0;130000.0;196;0;0;0;0;0;0;0;0;0;0;0;0;0;0;0;1;0;0;0;0;1
17.0;2;0;0;735000.0;59;0;0;0;0;0;0;0;0;0;0;0;0;0;0;0;1;0;0;0;0;1
29.0;2;1;0;277208.0;110;1;0;1;0;0;0;0;0;0;0;0;0;0;0;0;1;0;0;0;0;1
24.0;2;1;0;277208.0;108;1;0;1;0;0;0;0;0;0;0;0;0;0;0;0;0;1;0;0;0;0
25.0;2;0;0;315000.0;200;0;0;0;0;0;0;0;0;0;0;0;0;0;0;0;1;0;0;0;0;1
18.0;2;0;0;735000.0;30;0;0;0;0;0;0;0;0;0;0;0;0;0;0;0;1;0;0;0;0;1
18.0;2;0;1;230000.0;147;1;0;0;0;0;0;0;0;0;0;0;0;1;0;0;0;0;0;0;0;0
34.0;2;0;1;230000.0;85;1;0;0;0;0;0;0;0;0;0;0;0;0;0;0;0;1;0;0;0;0
54.0;2;0;0;260000.0;52;0;0;0;0;0;0;0;0;0;0;0;0;0;0;0;1;0;0;0;0;1
8.0;2;0;2;325000.0;56;2;0;0;0;0;0;0;0;0;0;0;1;0;0;0;0;0;0;0;0;1
42.0;2;1;1;325000.0;110;2;0;0;0;0;0;0;0;0;0;0;0;0;0;0;1;0;0;0;0;1
34.0;2;1;1;325000.0;141;2;0;0;0;0;0;0;0;0;0;0;0;0;0;0;0;1;0;0;0;0
27.0;2;1;0;138583.0;209;1;0;1;0;0;0;0;0;0;0;0;0;1;0;0;0;0;0;0;0;0
30.0;2;1;0;138583.0;109;1;0;1;0;0;0;0;0;0;0;0;0;1;0;0;0;0;0;0;0;0
23.0;2;0;0;130000.0;129;0;0;0;0;0;0;0;0;0;0;0;0;0;0;0;1;0;0;0;0;1
21.0;2;0;0;130000.0;5;0;0;0;0;0;0;0;0;0;0;0;0;0;0;0;1;0;0;0;0;1
18.0;2;0;0;130000.0;146;0;0;0;0;0;0;0;0;0;0;0;0;0;0;0;1;0;0;0;0;1
40.0;2;1;0;260000.0;180;1;0;0;0;0;0;0;0;0;0;0;0;0;0;0;1;0;0;0;0;1
29.0;2;1;0;260000.0;228;1;0;0;0;0;0;0;0;0;0;0;0;0;0;0;0;1;0;0;0;0
18.0;2;0;0;105000.0;238;0;0;0;0;0;0;0;0;0;0;0;0;0;0;0;1;0;0;0;0;1
36.0;2;0;0;130000.0;10;0;0;0;0;0;0;0;0;0;0;0;0;0;0;0;1;0;0;0;0;1
29.8811345124283;2;0;0;0.0;178;0;0;0;0;0;0;0;0;0;0;0;0;0;0;0;1;0;0;0;0;1
38.0;2;0;0;130000.0;136;0;0;0;0;0;0;0;0;0;0;0;0;1;0;0;0;0;0;0;0;0
35.0;2;0;0;260000.0;145;0;0;0;0;0;0;0;0;0;0;0;0;0;0;0;1;0;0;0;0;1
38.0;2;1;0;210000.0;103;1;0;0;0;0;0;0;0;0;0;0;0;0;0;0;1;0;0;0;0;1
34.0;2;1;0;210000.0;4;1;0;0;0;0;0;0;0;0;0;0;0;0;0;0;1;0;0;0;0;1
34.0;2;0;0;130000.0;114;0;0;0;0;0;0;0;0;0;0;0;0;1;0;0;0;0;0;0;0;0
16.0;2;0;0;260000.0;162;0;0;0;0;0;0;0;0;0;0;0;0;0;0;0;1;0;0;0;0;1
26.0;2;0;0;105000.0;165;0;0;0;0;0;0;0;0;0;0;0;0;0;0;0;1;0;0;0;0;1
47.0;2;0;0;105000.0;27;0;0;0;0;0;0;0;0;0;0;0;0;0;0;0;1;0;0;0;0;1
21.0;2;1;0;115000.0;197;1;0;0;0;0;0;0;0;0;0;0;0;0;0;0;1;0;0;0;0;1
21.0;2;1;0;115000.0;102;1;0;0;0;0;0;0;0;0;0;0;0;0;0;0;1;0;0;0;0;1
24.0;2;0;0;135000.0;231;0;0;0;0;0;0;0;0;0;0;0;0;0;0;0;1;0;0;0;0;1
24.0;2;0;0;130000.0;182;0;0;0;0;0;0;0;0;0;0;0;0;0;0;0;1;0;0;0;0;1
34.0;2;0;0;130000.0;66;0;0;0;0;0;0;0;0;0;0;0;0;0;0;0;1;0;0;0;0;1
30.0;2;0;0;130000.0;80;0;0;0;0;0;0;0;0;0;0;0;0;0;0;0;1;0;0;0;0;1
52.0;2;0;0;130000.0;95;0;0;0;0;0;0;0;0;0;0;0;0;0;0;0;1;0;0;0;0;1
30.0;2;0;0;130000.0;184;0;0;0;0;0;0;0;0;0;0;0;0;0;0;0;1;0;0;0;0;1
0.6667;2;1;1;145000.0;154;2;0;0;0;0;0;0;0;0;0;0;1;0;0;0;0;0;0;0;0;1
24.0;2;0;2;145000.0;194;2;0;0;0;0;0;0;0;0;0;0;0;0;0;0;0;1;0;0;0;0
44.0;2;0;0;130000.0;5;0;0;0;0;0;0;0;0;0;0;0;0;0;0;0;1;0;0;0;0;1
6.0;2;0;1;330000.0;175;1;0;0;0;0;0;0;0;0;0;0;0;1;0;0;0;0;0;0;0;0
28.0;2;0;1;330000.0;92;1;0;0;0;0;0;0;0;0;0;0;0;0;0;0;0;0;0;1;0;1
62.0;2;0;0;105000.0;243;0;0;0;0;0;0;0;0;0;0;0;0;0;0;0;1;0;0;0;0;1
30.0;2;0;0;105000.0;189;0;0;0;0;0;0;0;0;0;0;0;0;0;0;0;1;0;0;0;0;1
7.0;2;0;2;262500.0;129;2;0;0;0;0;0;0;0;0;0;0;0;1;0;0;0;0;0;0;0;0
43.0;2;1;1;262500.0;88;2;0;0;0;0;0;0;0;0;0;0;0;0;0;0;1;0;0;0;0;1
45.0;2;1;1;262500.0;114;2;0;0;0;0;0;0;0;0;0;0;0;0;0;0;0;1;0;0;0;0
24.0;2;1;2;650000.0;116;3;0;0;0;0;0;0;0;0;0;0;0;1;0;0;0;0;0;0;0;0
24.0;2;1;2;650000.0;213;3;0;0;0;0;0;0;0;0;0;0;0;1;0;0;0;0;0;0;0;0
49.0;2;1;2;650000.0;256;3;0;0;0;0;0;0;0;0;0;0;0;0;0;0;1;0;0;0;0;1
48.0;2;1;2;650000.0;10;3;0;0;0;0;0;0;0;0;0;0;0;0;0;0;0;1;0;0;0;0
55.0;2;0;0;160000.0;190;0;0;0;0;0;0;0;0;0;0;0;0;0;0;0;0;1;0;0;0;0
24.0;2;2;0;735000.0;110;2;0;0;0;0;0;0;0;0;0;0;0;0;0;0;1;0;0;0;0;1
32.0;2;2;0;735000.0;82;2;0;0;0;0;0;0;0;0;0;0;0;0;0;0;1;0;0;0;0;1
21.0;2;2;0;735000.0;202;2;0;0;0;0;0;0;0;0;0;0;0;0;0;0;1;0;0;0;0;1
18.0;2;1;1;130000.0;118;2;0;0;0;0;0;0;0;0;0;0;0;1;0;0;0;0;0;0;0;0
20.0;2;2;1;230000.0;42;3;0;0;0;0;0;0;0;0;0;0;0;1;0;0;0;0;0;0;0;0
23.0;2;2;1;115000.0;162;3;0;0;0;0;0;0;0;0;0;0;0;0;0;0;1;0;0;0;0;1
36.0;2;0;0;130000.0;38;0;0;0;0;0;0;0;0;0;0;0;0;0;0;0;1;0;0;0;0;1
54.0;2;1;3;230000.0;193;4;0;0;0;0;0;0;0;0;0;0;0;0;0;0;0;1;0;0;0;0
50.0;2;0;0;130000.0;10;0;0;0;0;0;0;0;0;0;0;0;0;0;0;0;1;0;0;0;0;1
44.0;2;1;0;260000.0;153;1;0;0;0;0;0;0;0;0;0;0;0;0;0;0;1;0;0;0;0;1
29.0;2;1;0;260000.0;125;1;0;0;0;0;0;0;0;0;0;0;0;0;0;0;0;1;0;0;0;0
21.0;2;0;0;735000.0;7;0;0;0;0;0;0;0;0;0;0;0;0;0;0;0;1;0;0;0;0;1
42.0;2;0;0;130000.0;87;0;0;0;0;0;0;0;0;0;0;0;0;0;0;0;1;0;0;0;0;1
63.0;2;1;0;260000.0;148;1;0;0;0;0;0;0;0;0;0;0;0;0;0;0;1;0;0;0;0;1
60.0;2;1;0;260000.0;200;1;0;0;0;0;0;0;0;0;0;0;0;0;0;0;0;1;0;0;0;0
33.0;2;0;0;122750.0;67;0;0;0;0;0;0;0;0;0;0;0;0;0;0;0;1;0;0;0;0;1
17.0;2;0;0;105000.0;3;0;0;0;0;0;0;0;0;0;0;0;0;1;0;0;0;0;0;0;0;0
42.0;2;1;0;270000.0;1;1;0;0;0;0;0;0;0;0;0;0;0;0;0;0;1;0;0;0;0;1
24.0;2;2;1;270000.0;15;3;0;0;0;0;0;0;0;0;0;0;0;0;0;0;0;1;0;0;0;0
47.0;2;0;0;150000.0;252;0;0;0;0;0;0;0;0;0;0;0;0;0;0;0;1;0;0;0;0;1
24.0;2;2;0;315000.0;102;2;0;0;0;0;0;0;0;0;0;0;0;0;0;0;1;0;0;0;0;1
22.0;2;2;0;315000.0;121;2;0;0;0;0;0;0;0;0;0;0;0;0;0;0;1;0;0;0;0;1
32.0;2;0;0;105000.0;144;0;0;0;0;0;0;0;0;0;0;0;0;0;0;0;1;0;0;0;0;1
23.0;2;0;0;137917.0;89;0;0;1;0;0;0;0;0;0;0;0;0;0;0;0;0;1;0;0;0;0
34.0;2;1;0;260000.0;251;1;0;0;0;0;0;0;0;0;0;0;0;0;0;0;1;0;0;0;0;1
24.0;2;1;0;260000.0;51;1;0;0;0;0;0;0;0;0;0;0;0;0;0;0;0;1;0;0;0;0
22.0;2;0;0;210000.0;139;0;0;0;0;0;0;0;0;0;0;0;0;0;0;0;0;1;0;0;0;0
29.8811345124283;2;0;0;123500.0;101;0;1;0;0;0;0;0;0;0;0;0;0;1;0;0;0;0;0;0;0;0
35.0;2;0;0;123500.0;14;0;1;0;0;0;0;0;0;0;0;0;0;0;0;0;1;0;0;0;0;1
45.0;2;0;0;135000.0;91;0;0;0;0;0;0;0;0;0;0;0;0;0;0;0;0;1;0;0;0;0
57.0;2;0;0;123500.0;68;0;1;0;0;0;0;0;0;0;0;0;0;0;0;0;0;0;0;1;0;1
29.8811345124283;2;0;0;0.0;242;0;0;0;0;0;0;0;0;0;0;0;0;0;0;0;1;0;0;0;0;1
31.0;2;0;0;105000.0;162;0;0;0;0;0;0;0;0;0;0;0;0;0;0;0;1;0;0;0;0;1
26.0;2;1;1;260000.0;243;2;0;0;0;0;0;0;0;0;0;0;0;0;0;0;0;1;0;0;0;0
30.0;2;1;1;260000.0;146;2;0;0;0;0;0;0;0;0;0;0;0;0;0;0;0;0;0;1;0;1
29.8811345124283;2;0;0;107083.0;200;0;1;0;0;0;0;0;0;0;0;0;0;0;0;0;1;0;0;0;0;1
1.0;2;1;2;415792.0;176;3;0;1;0;0;0;0;0;0;0;0;0;1;0;0;0;0;0;0;0;0
3.0;2;1;2;415792.0;81;3;0;1;0;0;0;0;0;0;0;0;0;1;0;0;0;0;0;0;0;0
25.0;2;1;2;415792.0;151;3;0;1;0;0;0;0;0;0;0;0;0;0;0;0;1;0;0;0;0;1
22.0;2;1;2;415792.0;74;3;0;1;0;0;0;0;0;0;0;0;0;0;0;0;0;1;0;0;0;0
17.0;2;0;0;120000.0;3;0;0;1;0;0;0;0;0;0;0;0;0;1;0;0;0;0;0;0;0;0
29.8811345124283;2;0;0;330000.0;179;0;0;0;0;0;0;0;0;0;0;0;0;1;0;0;0;0;0;0;0;0
34.0;2;0;0;105000.0;103;0;0;0;0;0;0;0;0;0;0;0;0;0;0;0;0;1;0;0;0;0
36.0;2;0;0;128750.0;24;0;0;1;0;0;0;0;0;0;0;0;0;0;0;0;1;0;0;0;0;1
24.0;2;0;0;105000.0;236;0;0;0;0;0;0;0;0;0;0;0;0;0;0;0;1;0;0;0;0;1
61.0;2;0;0;123500.0;159;0;1;0;0;0;0;0;0;0;0;0;0;0;0;0;1;0;0;0;0;1
50.0;2;1;0;260000.0;254;1;0;0;0;0;0;0;0;0;0;0;0;0;0;0;1;0;0;0;0;1
42.0;2;1;0;260000.0;63;1;0;0;0;0;0;0;0;0;0;0;0;0;0;0;0;1;0;0;0;0
57.0;2;0;0;105000.0;192;0;0;0;0;0;0;0;0;0;0;0;0;0;0;0;0;1;0;0;0;0
29.8811345124283;2;0;0;150458.0;230;0;0;1;0;0;0;0;0;0;0;0;0;0;0;0;1;0;0;0;0;1
1.0;2;0;2;370042.0;26;2;0;1;0;0;0;0;0;0;0;0;1;0;0;0;0;0;0;0;0;1
31.0;2;1;1;370042.0;240;2;0;1;0;0;0;0;0;0;0;0;0;0;0;0;1;0;0;0;0;1
24.0;2;1;1;370042.0;39;2;0;1;0;0;0;0;0;0;0;0;0;0;0;0;0;1;0;0;0;0
29.8811345124283;2;0;0;155792.0;61;0;0;1;0;0;0;0;0;0;0;0;0;0;0;0;1;0;0;0;0;1
30.0;2;0;0;130000.0;252;0;0;0;0;0;0;0;0;0;0;0;0;0;0;0;1;0;0;0;0;1
40.0;2;0;0;160000.0;229;0;0;0;0;0;0;0;0;0;0;0;0;0;0;0;1;0;0;0;0;1
32.0;2;0;0;135000.0;136;0;0;0;0;0;0;0;0;0;0;0;0;0;0;0;1;0;0;0;0;1
30.0;2;0;0;130000.0;200;0;0;0;0;0;0;0;0;0;0;0;0;0;0;0;1;0;0;0;0;1
46.0;2;0;0;260000.0;24;0;0;0;0;0;0;0;0;0;0;0;0;0;0;0;1;0;0;0;0;1
13.0;2;0;1;195000.0;6;1;0;0;0;0;0;0;0;0;0;0;0;1;0;0;0;0;0;0;0;0
41.0;2;0;1;195000.0;82;1;0;0;0;0;0;0;0;0;0;0;0;0;0;0;0;1;0;0;0;0
19.0;2;0;0;105000.0;242;0;0;0;0;0;0;0;0;0;0;0;0;0;0;0;1;0;0;0;0;1
39.0;2;0;0;130000.0;140;0;0;0;0;0;0;0;0;0;0;0;0;0;0;0;1;0;0;0;0;1
48.0;2;0;0;130000.0;129;0;0;0;0;0;0;0;0;0;0;0;0;0;0;0;1;0;0;0;0;1
70.0;2;0;0;105000.0;45;0;0;0;0;0;0;0;0;0;0;0;0;0;0;0;1;0;0;0;0;1
27.0;2;0;0;130000.0;250;0;0;0;0;0;0;0;0;0;0;0;0;0;0;0;0;0;0;1;0;1
54.0;2;0;0;140000.0;187;0;0;0;0;0;0;0;1;0;0;0;0;0;0;0;0;0;0;0;0;1
39.0;2;0;0;260000.0;244;0;0;0;0;0;0;0;0;0;0;0;0;0;0;0;1;0;0;0;0;1
16.0;2;0;0;105000.0;135;0;0;0;0;0;0;0;0;0;0;0;0;0;0;0;1;0;0;0;0;1
62.0;2;0;0;96875.0;96;0;1;0;0;0;0;0;0;0;0;0;0;0;0;0;1;0;0;0;0;1
32.5;2;1;0;300708.0;223;1;0;1;0;0;0;0;0;0;0;0;0;0;0;0;1;0;0;0;0;1
14.0;2;1;0;300708.0;35;1;0;1;0;0;0;0;0;0;0;0;0;0;0;0;0;1;0;0;0;0
2.0;2;1;1;260000.0;128;2;0;0;0;0;0;0;0;0;0;0;1;0;0;0;0;0;0;0;0;1
3.0;2;1;1;260000.0;27;2;0;0;0;0;0;0;0;0;0;0;1;0;0;0;0;0;0;0;0;1
36.5;2;0;2;260000.0;211;2;0;0;0;0;0;0;0;0;0;0;0;0;0;0;1;0;0;0;0;1
26.0;2;0;0;130000.0;99;0;0;0;0;0;0;0;0;0;0;0;0;0;0;0;1;0;0;0;0;1
19.0;2;1;1;367500.0;112;2;0;0;0;0;0;0;0;0;0;0;0;0;0;0;1;0;0;0;0;1
28.0;2;0;0;135000.0;208;0;0;0;0;0;0;0;0;0;0;0;0;0;0;0;1;0;0;0;0;1
20.0;2;0;0;138625.0;256;0;0;1;0;0;0;0;0;0;0;0;0;0;0;0;1;0;0;0;0;1
29.0;2;0;0;105000.0;227;0;0;0;0;0;0;0;0;0;0;0;0;0;0;0;0;1;0;0;0;0
39.0;2;0;0;130000.0;222;0;0;0;0;0;0;0;0;0;0;0;0;0;0;0;1;0;0;0;0;1
22.0;2;0;0;105000.0;84;0;0;0;0;0;0;0;0;0;0;0;0;0;0;0;1;0;0;0;0;1
29.8811345124283;2;0;0;138625.0;187;0;0;1;0;0;0;0;0;0;0;0;0;0;0;0;1;0;0;0;0;1
23.0;2;0;0;105000.0;211;0;0;0;0;0;0;0;1;0;0;0;0;0;0;0;0;0;0;0;0;1
29.0;2;0;0;138583.0;159;0;0;1;0;0;0;0;0;0;0;0;0;0;0;0;1;0;0;0;0;1
28.0;2;0;0;105000.0;36;0;0;0;0;0;0;0;0;0;0;0;0;0;0;0;1;0;0;0;0;1
29.8811345124283;2;0;0;0.0;71;0;0;0;0;0;0;0;0;0;0;0;0;0;0;0;1;0;0;0;0;1
50.0;2;0;1;260000.0;140;1;0;0;0;0;0;0;0;0;0;0;0;0;0;0;0;1;0;0;0;0
19.0;2;0;0;105000.0;251;0;0;0;0;0;0;0;0;0;0;0;0;0;0;0;1;0;0;0;0;1
29.8811345124283;2;0;0;150500.0;143;0;0;1;0;0;0;0;0;0;0;0;0;0;0;0;1;0;0;0;0;1
41.0;2;0;0;130000.0;139;0;0;0;0;0;0;0;0;0;0;0;0;0;0;0;0;0;0;1;0;1
21.0;2;0;1;210000.0;59;1;0;0;0;0;0;0;0;0;0;0;0;1;0;0;0;0;0;0;0;0
19.0;2;0;0;260000.0;129;0;0;0;0;0;0;0;0;0;0;0;0;1;0;0;0;0;0;0;0;0
43.0;2;0;1;210000.0;21;1;0;0;0;0;0;0;0;0;0;0;0;0;0;0;1;0;0;0;0;1
32.0;2;0;0;130000.0;160;0;0;0;0;0;0;0;0;0;0;0;0;0;0;0;0;1;0;0;0;0
34.0;2;0;0;130000.0;235;0;0;0;0;0;0;0;0;0;0;0;0;0;0;0;1;0;0;0;0;1
30.0;2;0;0;127375.0;80;0;0;1;0;0;0;0;0;0;0;0;0;0;0;0;1;0;0;0;0;1
27.0;2;0;0;150333.0;175;0;0;1;0;0;0;0;0;0;0;0;0;0;0;0;1;0;0;0;0;1
2.0;2;1;1;260000.0;156;2;0;0;0;0;0;0;0;0;0;0;0;1;0;0;0;0;0;0;0;0
8.0;2;1;1;260000.0;71;2;0;0;0;0;0;0;0;0;0;0;0;1;0;0;0;0;0;0;0;0
33.0;2;0;2;260000.0;249;2;0;0;0;0;0;0;0;0;0;0;0;0;0;0;0;1;0;0;0;0
36.0;2;0;0;105000.0;157;0;0;0;0;0;0;0;0;0;0;0;0;0;0;0;1;0;0;0;0;1
34.0;2;1;0;210000.0;176;1;0;0;0;0;0;0;0;0;0;0;0;0;0;0;1;0;0;0;0;1
30.0;2;3;0;210000.0;207;3;0;0;0;0;0;0;0;0;0;0;0;0;0;0;0;1;0;0;0;0
28.0;2;0;0;130000.0;151;0;0;0;0;0;0;0;0;0;0;0;0;0;0;0;0;0;1;0;0;0
23.0;2;0;0;150458.0;208;0;0;1;0;0;0;0;0;0;0;0;0;0;0;0;1;0;0;0;0;1
0.8333;2;1;1;187500.0;240;2;0;0;0;0;0;0;0;0;0;0;1;0;0;0;0;0;0;0;0;1
3.0;2;1;1;187500.0;61;2;0;0;0;0;0;0;0;0;0;0;1;0;0;0;0;0;0;0;0;1
24.0;2;2;3;187500.0;87;5;0;0;0;0;0;0;0;0;0;0;0;0;0;0;0;1;0;0;0;0
50.0;2;0;0;105000.0;190;0;0;0;0;0;0;0;0;0;0;0;0;1;0;0;0;0;0;0;0;0
19.0;2;0;0;105000.0;19;0;0;0;0;0;0;0;0;0;0;0;0;0;0;0;1;0;0;0;0;1
21.0;2;0;0;105000.0;144;0;0;0;0;0;0;0;0;0;0;0;0;1;0;0;0;0;0;0;0;0
26.0;2;0;0;130000.0;24;0;0;0;0;0;0;0;0;0;0;0;0;0;0;0;1;0;0;0;0;1
25.0;2;0;0;130000.0;189;0;0;0;0;0;0;0;0;0;0;0;0;0;0;0;1;0;0;0;0;1
27.0;2;0;0;260000.0;182;0;0;0;0;0;0;0;0;0;0;0;0;0;0;0;1;0;0;0;0;1
25.0;2;0;1;260000.0;1;1;0;0;0;0;0;0;0;0;0;0;0;0;0;0;0;1;0;0;0;0
18.0;2;0;2;130000.0;56;2;0;0;0;0;0;0;0;0;0;0;0;1;0;0;0;0;0;0;0;0
20.0;2;0;0;367500.0;112;0;0;0;0;0;0;0;0;0;0;0;0;1;0;0;0;0;0;0;0;0
30.0;2;0;0;130000.0;154;0;0;0;0;0;0;0;0;0;0;0;0;1;0;0;0;0;0;0;0;0
59.0;2;0;0;135000.0;66;0;0;0;0;0;0;0;0;0;0;0;0;0;0;0;1;0;0;0;0;1
30.0;2;0;0;123500.0;92;0;1;0;0;0;0;0;0;0;0;0;0;1;0;0;0;0;0;0;0;0
35.0;2;0;0;105000.0;239;0;0;0;0;0;0;0;0;0;0;0;0;0;0;0;1;0;0;0;0;1
40.0;2;0;0;130000.0;256;0;0;0;0;0;0;0;0;0;0;0;0;1;0;0;0;0;0;0;0;0
25.0;2;0;0;130000.0;249;0;0;0;0;0;0;0;0;0;0;0;0;0;0;0;1;0;0;0;0;1
41.0;2;0;0;150458.0;74;0;0;1;0;0;0;0;0;0;0;0;0;0;0;0;1;0;0;0;0;1
25.0;2;0;0;105000.0;160;0;0;0;0;0;0;0;0;0;0;0;0;0;0;0;1;0;0;0;0;1
18.5;2;0;0;130000.0;183;0;0;0;0;0;0;0;0;0;0;0;0;0;0;0;1;0;0;0;0;1
14.0;2;0;0;650000.0;17;0;0;0;0;0;0;0;0;0;0;0;0;0;0;0;1;0;0;0;0;1
50.0;2;0;0;105000.0;202;0;0;0;0;0;0;0;0;0;0;0;0;1;0;0;0;0;0;0;0;0
23.0;2;0;0;130000.0;99;0;0;0;0;0;0;0;0;0;0;0;0;0;0;0;1;0;0;0;0;1
28.0;2;0;0;126500.0;168;0;0;0;0;0;0;0;0;0;0;0;0;0;0;0;0;1;0;0;0;0
27.0;2;0;0;105000.0;184;0;0;0;0;0;0;0;0;0;0;0;0;1;0;0;0;0;0;0;0;0
29.0;2;1;0;210000.0;114;1;0;0;0;0;0;0;0;0;0;0;0;0;0;0;1;0;0;0;0;1
27.0;2;1;0;210000.0;73;1;0;0;0;0;0;0;0;0;0;0;0;0;0;0;0;1;0;0;0;0
40.0;2;0;0;130000.0;82;0;0;0;0;0;0;0;0;0;0;0;0;0;0;0;1;0;0;0;0;1
31.0;2;0;0;210000.0;250;0;0;0;0;0;0;0;0;0;0;0;0;1;0;0;0;0;0;0;0;0
30.0;2;1;0;210000.0;115;1;0;0;0;0;0;0;0;0;0;0;0;0;0;0;1;0;0;0;0;1
23.0;2;1;0;105000.0;218;1;0;0;0;0;0;0;0;0;0;0;0;0;0;0;1;0;0;0;0;1
31.0;2;0;0;210000.0;143;0;0;0;0;0;0;0;0;0;0;0;0;0;0;0;0;1;0;0;0;0
29.8811345124283;2;0;0;0.0;83;0;0;0;0;0;0;0;0;0;0;0;0;0;0;0;1;0;0;0;0;1
12.0;2;0;0;157500.0;43;0;0;0;0;0;0;0;0;0;0;0;0;1;0;0;0;0;0;0;0;0
40.0;2;0;0;157500.0;66;0;0;0;0;0;0;0;0;0;0;0;0;0;0;0;0;1;0;0;0;0
32.5;2;0;0;130000.0;172;0;0;0;0;0;0;0;0;0;0;0;0;1;0;0;0;0;0;0;0;0
27.0;2;1;0;260000.0;189;1;0;0;0;0;0;0;0;0;0;0;0;0;0;0;1;0;0;0;0;1
29.0;2;1;0;260000.0;111;1;0;0;0;0;0;0;0;0;0;0;0;0;0;0;0;1;0;0;0;0
2.0;2;1;1;230000.0;250;2;0;0;0;0;0;0;0;0;0;0;1;0;0;0;0;0;0;0;0;1
4.0;2;1;1;230000.0;232;2;0;0;0;0;0;0;0;0;0;0;0;1;0;0;0;0;0;0;0;0
29.0;2;0;2;230000.0;61;2;0;0;0;0;0;0;0;0;0;0;0;0;0;0;0;1;0;0;0;0
0.9167;2;1;2;277500.0;29;3;0;0;0;0;0;0;0;0;0;0;0;1;0;0;0;0;0;0;0;0
5.0;2;1;2;277500.0;201;3;0;0;0;0;0;0;0;0;0;0;0;1;0;0;0;0;0;0;0;0
36.0;2;1;2;277500.0;240;3;0;0;0;0;0;0;0;0;0;0;0;0;0;0;1;0;0;0;0;1
33.0;2;1;2;277500.0;217;3;0;0;0;0;0;0;0;0;0;0;0;0;0;0;0;1;0;0;0;0
66.0;2;0;0;105000.0;31;0;0;0;0;0;0;0;0;0;0;0;0;0;0;0;1;0;0;0;0;1
29.8811345124283;2;0;0;128750.0;47;0;0;0;0;0;0;0;0;0;0;0;0;0;0;0;1;0;0;0;0;1
31.0;2;0;0;130000.0;86;0;0;0;0;0;0;0;0;0;0;0;0;0;0;0;1;0;0;0;0;1
29.8811345124283;2;0;0;130000.0;70;0;0;0;0;0;0;0;0;0;0;0;0;0;0;0;1;0;0;0;0;1
26.0;2;0;0;135000.0;54;0;0;0;0;0;0;0;0;0;0;0;0;1;0;0;0;0;0;0;0;0
24.0;2;0;0;130000.0;65;0;0;0;0;0;0;0;0;0;0;0;0;1;0;0;0;0;0;0;0;0
42.0;3;0;0;75500.0;244;0;0;0;0;0;0;0;0;0;0;0;0;0;0;0;1;0;0;0;0;1
13.0;3;0;2;202500.0;185;2;0;0;0;0;0;0;0;0;0;0;1;0;0;0;0;0;0;0;0;1
16.0;3;1;1;202500.0;7;2;0;0;0;0;0;0;0;0;0;0;0;0;0;0;1;0;0;0;0;1
35.0;3;1;1;202500.0;39;2;0;0;0;0;0;0;0;0;0;0;0;0;0;0;0;1;0;0;0;0
16.0;3;0;0;76500.0;133;0;0;0;0;0;0;0;0;0;0;0;0;1;0;0;0;0;0;0;0;0
25.0;3;0;0;76500.0;66;0;0;0;0;0;0;0;0;0;0;0;0;0;0;0;1;0;0;0;0;1
20.0;3;0;0;79250.0;35;0;0;0;0;0;0;0;0;0;0;0;0;0;0;0;1;0;0;0;0;1
18.0;3;0;0;72292.0;35;0;0;1;0;0;0;0;0;0;0;0;0;0;0;0;0;1;0;0;0;0
30.0;3;0;0;72500.0;43;0;0;0;0;0;0;0;0;0;0;0;0;0;0;0;1;0;0;0;0;1
26.0;3;0;0;80500.0;45;0;0;0;0;0;0;0;0;0;0;0;0;0;0;0;1;0;0;0;0;1
40.0;3;1;0;94750.0;213;1;0;0;0;0;0;0;0;0;0;0;0;0;0;0;0;1;0;0;0;0
0.8333;3;0;1;93500.0;166;1;0;0;0;0;0;0;0;0;0;0;1;0;0;0;0;0;0;0;0;1
18.0;3;0;1;93500.0;1;1;0;0;0;0;0;0;0;0;0;0;0;0;0;0;0;1;0;0;0;0
26.0;3;0;0;187875.0;51;0;0;1;0;0;0;0;0;0;0;0;0;0;0;0;1;0;0;0;0;1
26.0;3;0;0;78875.0;167;0;0;0;0;0;0;0;0;0;0;0;0;0;0;0;1;0;0;0;0;1
20.0;3;0;0;79250.0;175;0;0;0;0;0;0;0;0;0;0;0;0;0;0;0;1;0;0;0;0;1
24.0;3;0;0;70500.0;80;0;0;0;0;0;0;0;0;0;0;0;0;0;0;0;1;0;0;0;0;1
25.0;3;0;0;70500.0;178;0;0;0;0;0;0;0;0;0;0;0;0;0;0;0;1;0;0;0;0;1
35.0;3;0;0;80500.0;97;0;0;0;0;0;0;0;0;0;0;0;0;0;0;0;1;0;0;0;0;1
18.0;3;0;0;83000.0;191;0;0;0;0;0;0;0;0;0;0;0;0;0;0;0;1;0;0;0;0;1
32.0;3;0;0;225250.0;133;0;0;0;0;0;0;0;0;0;0;0;0;0;0;0;1;0;0;0;0;1
19.0;3;1;0;78542.0;206;1;0;0;0;0;0;0;0;0;0;0;0;1;0;0;0;0;0;0;0;0
4.0;3;4;2;312750.0;178;6;0;0;0;0;0;0;0;0;0;0;1;0;0;0;0;0;0;0;0;1
6.0;3;4;2;312750.0;104;6;0;0;0;0;0;0;0;0;0;0;0;1;0;0;0;0;0;0;0;0
2.0;3;4;2;312750.0;173;6;0;0;0;0;0;0;0;0;0;0;0;1;0;0;0;0;0;0;0;0
17.0;3;4;2;79250.0;51;6;0;0;0;0;0;0;0;0;0;0;0;1;0;0;0;0;0;0;0;0
38.0;3;4;2;77750.0;12;6;0;0;0;0;0;0;0;0;0;0;0;1;0;0;0;0;0;0;0;0
9.0;3;4;2;312750.0;141;6;0;0;0;0;0;0;0;0;0;0;0;1;0;0;0;0;0;0;0;0
11.0;3;4;2;312750.0;53;6;0;0;0;0;0;0;0;0;0;0;0;1;0;0;0;0;0;0;0;0
39.0;3;1;5;312750.0;129;6;0;0;0;0;0;0;0;0;0;0;0;0;0;0;1;0;0;0;0;1
27.0;3;0;0;77958.0;58;0;0;0;0;0;0;0;0;0;0;0;0;0;0;0;1;0;0;0;0;1
26.0;3;0;0;77750.0;108;0;0;0;0;0;0;0;0;0;0;0;0;0;0;0;1;0;0;0;0;1
39.0;3;1;5;312750.0;68;6;0;0;0;0;0;0;0;0;0;0;0;0;0;0;0;1;0;0;0;0
20.0;3;0;0;78542.0;147;0;0;0;0;0;0;0;0;0;0;0;0;0;0;0;1;0;0;0;0;1
26.0;3;0;0;78958.0;203;0;0;0;0;0;0;0;0;0;0;0;0;0;0;0;1;0;0;0;0;1
25.0;3;1;0;178000.0;232;1;0;0;0;0;0;0;0;0;0;0;0;0;0;0;1;0;0;0;0;1
18.0;3;1;0;178000.0;232;1;0;0;0;0;0;0;0;0;0;0;0;0;0;0;0;1;0;0;0;0
24.0;3;0;0;77750.0;223;0;0;0;0;0;0;0;0;0;0;0;0;0;0;0;1;0;0;0;0;1
35.0;3;0;0;70500.0;161;0;0;0;0;0;0;0;0;0;0;0;0;0;0;0;1;0;0;0;0;1
5.0;3;4;2;313875.0;181;6;0;0;0;0;0;0;0;0;0;0;1;0;0;0;0;0;0;0;0;1
9.0;3;4;2;313875.0;162;6;0;0;0;0;0;0;0;0;0;0;1;0;0;0;0;0;0;0;0;1
3.0;3;4;2;313875.0;140;6;0;0;0;0;0;0;0;0;0;0;1;0;0;0;0;0;0;0;0;1
13.0;3;4;2;313875.0;133;6;0;0;0;0;0;0;0;0;0;0;1;0;0;0;0;0;0;0;0;1
5.0;3;4;2;313875.0;238;6;0;0;0;0;0;0;0;0;0;0;0;1;0;0;0;0;0;0;0;0
40.0;3;1;5;313875.0;214;6;0;0;0;0;0;0;0;0;0;0;0;0;0;0;1;0;0;0;0;1
23.0;3;0;0;77958.0;17;0;0;0;0;0;0;0;0;0;0;0;0;0;0;0;1;0;0;0;0;1
38.0;3;1;5;313875.0;160;6;0;0;0;0;0;0;0;0;0;0;0;0;0;0;0;1;0;0;0;0
45.0;3;0;0;72250.0;239;0;0;1;0;0;0;0;0;0;0;0;0;0;0;0;0;1;0;0;0;0
21.0;3;0;0;72250.0;9;0;0;1;0;0;0;0;0;0;0;0;0;0;0;0;1;0;0;0;0;1
23.0;3;0;0;70500.0;150;0;0;0;0;0;0;0;0;0;0;0;0;0;0;0;1;0;0;0;0;1
17.0;3;0;0;144583.0;128;0;0;1;0;0;0;0;0;0;0;0;0;1;0;0;0;0;0;0;0;0
30.0;3;0;0;72250.0;89;0;0;1;0;0;0;0;0;0;0;0;0;0;0;0;1;0;0;0;0;1
23.0;3;0;0;78542.0;184;0;0;0;0;0;0;0;0;0;0;0;0;0;0;0;1;0;0;0;0;1
13.0;3;0;0;72292.0;107;0;0;1;0;0;0;0;0;0;0;0;0;1;0;0;0;0;0;0;0;0
20.0;3;0;0;72250.0;220;0;0;1;0;0;0;0;0;0;0;0;0;0;0;0;1;0;0;0;0;1
32.0;3;1;0;158500.0;16;1;0;0;0;0;0;0;0;0;0;0;0;0;0;0;1;0;0;0;0;1
33.0;3;3;0;158500.0;177;3;0;0;0;0;0;0;0;0;0;0;0;0;0;0;0;1;0;0;0;0
0.75;3;2;1;192583.0;179;3;0;1;0;0;0;0;0;0;0;0;0;1;0;0;0;0;0;0;0;0
0.75;3;2;1;192583.0;232;3;0;1;0;0;0;0;0;0;0;0;0;1;0;0;0;0;0;0;0;0
5.0;3;2;1;192583.0;211;3;0;1;0;0;0;0;0;0;0;0;0;1;0;0;0;0;0;0;0;0
24.0;3;0;3;192583.0;191;3;0;1;0;0;0;0;0;0;0;0;0;0;0;0;0;1;0;0;0;0
18.0;3;0;0;80500.0;148;0;0;0;0;0;0;0;0;0;0;0;0;1;0;0;0;0;0;0;0;0
40.0;3;0;0;72250.0;84;0;0;1;0;0;0;0;0;0;0;0;0;0;0;0;1;0;0;0;0;1
26.0;3;0;0;78958.0;181;0;0;0;0;0;0;0;0;0;0;0;0;0;0;0;1;0;0;0;0;1
20.0;3;0;0;72292.0;133;0;0;1;0;0;0;0;0;0;0;0;0;0;0;0;1;0;0;0;0;1
18.0;3;0;1;144542.0;38;1;0;1;0;0;0;0;0;0;0;0;0;1;0;0;0;0;0;0;0;0
45.0;3;0;1;144542.0;35;1;0;1;0;0;0;0;0;0;0;0;0;0;0;0;0;1;0;0;0;0
27.0;3;0;0;78792.0;64;0;1;0;0;0;0;0;0;0;0;0;0;1;0;0;0;0;0;0;0;0
22.0;3;0;0;80500.0;71;0;0;0;0;0;0;0;0;0;0;0;0;0;0;0;1;0;0;0;0;1
19.0;3;0;0;80500.0;26;0;0;0;0;0;0;0;0;0;0;0;0;0;0;0;1;0;0;0;0;1
26.0;3;0;0;77750.0;116;0;0;0;0;0;0;0;0;0;0;0;0;0;0;0;1;0;0;0;0;1
22.0;3;0;0;93500.0;186;0;0;0;0;0;0;0;0;0;0;0;0;0;0;0;1;0;0;0;0;1
29.8811345124283;3;0;0;72292.0;159;0;0;1;0;0;0;0;0;0;0;0;1;0;0;0;0;0;0;0;0;1
20.0;3;0;0;40125.0;55;0;0;1;0;0;0;0;0;0;0;0;0;0;0;0;1;0;0;0;0;1
32.0;3;0;0;564958.0;4;0;0;0;0;0;0;0;0;0;0;0;0;0;0;0;1;0;0;0;0;1
21.0;3;0;0;77750.0;115;0;0;0;0;0;0;0;0;0;0;0;0;0;0;0;1;0;0;0;0;1
18.0;3;0;0;77500.0;72;0;0;0;0;0;0;0;0;0;0;0;0;0;0;0;1;0;0;0;0;1
26.0;3;0;0;78958.0;41;0;0;0;0;0;0;0;0;0;0;0;0;0;0;0;1;0;0;0;0;1
6.0;3;1;1;152458.0;241;2;0;1;0;0;0;0;0;0;0;0;1;0;0;0;0;0;0;0;0;1
9.0;3;1;1;152458.0;148;2;0;1;0;0;0;0;0;0;0;0;0;1;0;0;0;0;0;0;0;0
29.8811345124283;3;0;0;72250.0;193;0;0;1;0;0;0;0;0;0;0;0;0;0;0;0;1;0;0;0;0;1
29.8811345124283;3;0;2;152458.0;109;2;0;1;0;0;0;0;0;0;0;0;0;0;0;0;0;1;0;0;0;0
29.8811345124283;3;0;2;77500.0;47;2;1;0;0;0;0;0;0;0;0;0;0;1;0;0;0;0;0;0;0;0
40.0;3;1;1;155000.0;58;2;1;0;0;0;0;0;0;0;0;0;0;0;0;0;1;0;0;0;0;1
32.0;3;1;1;155000.0;58;2;1;0;0;0;0;0;0;0;0;0;0;0;0;0;0;1;0;0;0;0
21.0;3;0;0;161000.0;164;0;0;0;0;0;0;0;0;0;0;0;0;0;0;0;1;0;0;0;0;1
22.0;3;0;0;77250.0;42;0;1;0;0;0;0;0;0;0;0;0;0;1;0;0;0;0;0;0;0;0
20.0;3;0;0;78542.0;128;0;0;0;0;0;0;0;0;0;0;0;0;1;0;0;0;0;0;0;0;0
29.0;3;1;0;70458.0;119;1;0;0;0;0;0;0;0;0;0;0;0;0;0;0;1;0;0;0;0;1
22.0;3;1;0;72500.0;254;1;0;0;0;0;0;0;0;0;0;0;0;0;0;0;1;0;0;0;0;1
22.0;3;0;0;77958.0;221;0;0;0;0;0;0;0;0;0;0;0;0;0;0;0;1;0;0;0;0;1
35.0;3;0;0;80500.0;118;0;0;0;0;0;0;0;0;0;0;0;0;0;0;0;1;0;0;0;0;1
18.5;3;0;0;72833.0;212;0;1;0;0;0;0;0;0;0;0;0;0;1;0;0;0;0;0;0;0;0
21.0;3;0;0;78208.0;250;0;1;0;0;0;0;0;0;0;0;0;0;0;0;0;1;0;0;0;0;1
19.0;3;0;0;67500.0;35;0;1;0;0;0;0;0;0;0;0;0;0;0;0;0;1;0;0;0;0;1
18.0;3;0;0;78792.0;142;0;1;0;0;0;0;0;0;0;0;0;0;1;0;0;0;0;0;0;0;0
21.0;3;0;0;86625.0;71;0;0;0;0;0;0;0;0;0;0;0;0;1;0;0;0;0;0;0;0;0
30.0;3;0;0;86625.0;221;0;0;0;0;0;0;0;0;0;0;0;0;1;0;0;0;0;0;0;0;0
18.0;3;0;0;86625.0;143;0;0;0;0;0;0;0;0;0;0;0;0;0;0;0;1;0;0;0;0;1
38.0;3;0;0;86625.0;151;0;0;0;0;0;0;0;0;0;0;0;0;0;0;0;1;0;0;0;0;1
17.0;3;0;0;86625.0;221;0;0;0;0;0;0;0;0;0;0;0;0;0;0;0;1;0;0;0;0;1
17.0;3;0;0;86625.0;88;0;0;0;0;0;0;0;0;0;0;0;0;0;0;0;1;0;0;0;0;1
21.0;3;0;0;77500.0;53;0;1;0;0;0;0;0;0;0;0;0;0;1;0;0;0;0;0;0;0;0
21.0;3;0;0;77500.0;129;0;1;0;0;0;0;0;0;0;0;0;0;0;0;0;1;0;0;0;0;1
21.0;3;0;0;80500.0;169;0;0;0;0;0;0;0;0;0;0;0;0;0;0;0;1;0;0;0;0;1
29.8811345124283;3;1;0;144583.0;6;1;0;1;0;0;0;0;0;0;0;0;0;0;0;0;1;0;0;0;0;1
29.8811345124283;3;1;0;144583.0;105;1;0;1;0;0;0;0;0;0;0;0;0;0;0;0;0;1;0;0;0;0
28.0;3;0;0;77958.0;83;0;0;0;0;0;0;0;0;0;0;0;0;0;0;0;1;0;0;0;0;1
24.0;3;0;0;78542.0;176;0;0;0;0;0;0;0;0;0;0;0;0;0;0;0;1;0;0;0;0;1
16.0;3;0;0;77500.0;107;0;1;0;0;0;0;0;0;0;0;0;0;1;0;0;0;0;0;0;0;0
37.0;3;0;0;77500.0;149;0;1;0;0;0;0;0;0;0;0;0;0;1;0;0;0;0;0;0;0;0
28.0;3;0;0;72500.0;178;0;0;0;0;0;0;0;0;0;0;0;0;0;0;0;1;0;0;0;0;1
24.0;3;0;0;80500.0;1;0;0;0;0;0;0;0;0;0;0;0;0;0;0;0;1;0;0;0;0;1
21.0;3;0;0;77333.0;93;0;1;0;0;0;0;0;0;0;0;0;0;0;0;0;1;0;0;0;0;1
32.0;3;0;0;564958.0;208;0;0;0;0;0;0;0;0;0;0;0;0;0;0;0;1;0;0;0;0;1
29.0;3;0;0;80500.0;209;0;0;0;0;0;0;0;0;0;0;0;0;0;0;0;1;0;0;0;0;1
26.0;3;1;0;144542.0;151;1;0;1;0;0;0;0;0;0;0;0;0;0;0;0;1;0;0;0;0;1
18.0;3;1;0;144542.0;4;1;0;1;0;0;0;0;0;0;0;0;0;0;0;0;1;0;0;0;0;1
20.0;3;0;0;70500.0;242;0;0;0;0;0;0;0;0;0;0;0;0;0;0;0;1;0;0;0;0;1
18.0;3;0;0;80500.0;184;0;0;0;0;0;0;0;0;0;0;0;0;0;0;0;1;0;0;0;0;1
24.0;3;0;0;72500.0;111;0;1;0;0;0;0;0;0;0;0;0;0;0;0;0;1;0;0;0;0;1
36.0;3;0;0;74958.0;70;0;0;0;0;0;0;0;0;0;0;0;0;0;0;0;1;0;0;0;0;1
24.0;3;0;0;74958.0;112;0;0;0;0;0;0;0;0;0;0;0;0;0;0;0;1;0;0;0;0;1
31.0;3;0;0;77333.0;31;0;1;0;0;0;0;0;0;0;0;0;0;0;0;0;1;0;0;0;0;1
31.0;3;0;0;77500.0;3;0;1;0;0;0;0;0;0;0;0;0;0;0;0;0;1;0;0;0;0;1
22.0;3;0;0;77500.0;160;0;1;0;0;0;0;0;0;0;0;0;0;1;0;0;0;0;0;0;0;0
30.0;3;0;0;76292.0;124;0;1;0;0;0;0;0;0;0;0;0;0;1;0;0;0;0;0;0;0;0
70.5;3;0;0;77500.0;254;0;1;0;0;0;0;0;0;0;0;0;0;0;0;0;1;0;0;0;0;1
43.0;3;0;0;80500.0;116;0;0;0;0;0;0;0;0;0;0;0;0;0;0;0;1;0;0;0;0;1
35.0;3;0;0;78958.0;138;0;0;0;0;0;0;0;0;0;0;0;0;0;0;0;1;0;0;0;0;1
27.0;3;0;0;78958.0;69;0;0;0;0;0;0;0;0;0;0;0;0;0;0;0;1;0;0;0;0;1
19.0;3;0;0;78958.0;236;0;0;0;0;0;0;0;0;0;0;0;0;0;0;0;1;0;0;0;0;1
30.0;3;0;0;80500.0;26;0;0;0;0;0;0;0;0;0;0;0;0;0;0;0;1;0;0;0;0;1
9.0;3;1;1;159000.0;226;2;0;0;0;0;0;0;0;0;0;0;1;0;0;0;0;0;0;0;0;1
3.0;3;1;1;159000.0;52;2;0;0;0;0;0;0;0;0;0;0;1;0;0;0;0;0;0;0;0;1
36.0;3;0;2;159000.0;48;2;0;0;0;0;0;0;0;0;0;0;0;0;0;0;0;1;0;0;0;0
59.0;3;0;0;72500.0;181;0;0;0;0;0;0;0;0;0;0;0;0;0;0;0;1;0;0;0;0;1
19.0;3;0;0;81583.0;117;0;0;0;0;0;0;0;0;0;0;0;0;0;0;0;1;0;0;0;0;1
17.0;3;0;1;161000.0;165;1;0;0;0;0;0;0;0;0;0;0;0;1;0;0;0;0;0;0;0;0
44.0;3;0;1;161000.0;156;1;0;0;0;0;0;0;0;0;0;0;0;0;0;0;1;0;0;0;0;1
17.0;3;0;0;86625.0;106;0;0;0;0;0;0;0;0;0;0;0;0;0;0;0;1;0;0;0;0;1
22.5;3;0;0;72250.0;132;0;0;1;0;0;0;0;0;0;0;0;0;0;0;0;1;0;0;0;0;1
45.0;3;0;0;80500.0;57;0;0;0;0;0;0;0;0;0;0;0;0;0;0;0;1;0;0;0;0;1
22.0;3;0;0;105167.0;154;0;0;0;0;0;0;0;0;0;0;0;0;1;0;0;0;0;0;0;0;0
19.0;3;0;0;101708.0;7;0;0;0;0;0;0;0;0;0;0;0;0;0;0;0;1;0;0;0;0;1
30.0;3;0;0;69500.0;126;0;1;0;0;0;0;0;0;0;0;0;0;1;0;0;0;0;0;0;0;0
29.0;3;0;0;77500.0;29;0;1;0;0;0;0;0;0;0;0;0;0;0;0;0;1;0;0;0;0;1
0.3333;3;0;2;144000.0;21;2;0;0;0;0;0;0;0;0;0;0;1;0;0;0;0;0;0;0;0;1
34.0;3;1;1;144000.0;161;2;0;0;0;0;0;0;0;0;0;0;0;0;0;0;1;0;0;0;0;1
28.0;3;1;1;144000.0;36;2;0;0;0;0;0;0;0;0;0;0;0;0;0;0;0;1;0;0;0;0
27.0;3;0;0;78958.0;92;0;0;0;0;0;0;0;0;0;0;0;0;0;0;0;1;0;0;0;0;1
25.0;3;0;0;78958.0;177;0;0;0;0;0;0;0;0;0;0;0;0;0;0;0;1;0;0;0;0;1
24.0;3;2;0;241500.0;244;2;0;0;0;0;0;0;0;0;0;0;0;0;0;0;1;0;0;0;0;1
22.0;3;0;0;80500.0;41;0;0;0;0;0;0;0;0;0;0;0;0;0;0;0;1;0;0;0;0;1
21.0;3;2;0;241500.0;124;2;0;0;0;0;0;0;0;0;0;0;0;0;0;0;1;0;0;0;0;1
17.0;3;2;0;80500.0;180;2;0;0;0;0;0;0;0;0;0;0;0;0;0;0;1;0;0;0;0;1
29.8811345124283;3;1;0;161000.0;100;1;0;0;0;0;0;0;0;0;0;0;0;0;0;0;1;0;0;0;0;1
29.8811345124283;3;1;0;161000.0;132;1;0;0;0;0;0;0;0;0;0;0;0;0;0;0;0;1;0;0;0;0
36.5;3;1;0;174000.0;64;1;0;0;0;0;0;0;0;0;0;0;0;0;0;0;1;0;0;0;0;1
36.0;3;1;0;174000.0;218;1;0;0;0;0;0;0;0;0;0;0;0;0;0;0;0;1;0;0;0;0
30.0;3;0;0;95000.0;185;0;0;0;0;0;0;0;0;0;0;0;0;0;0;0;1;0;0;0;0;1
16.0;3;0;0;95000.0;67;0;0;0;0;0;0;0;0;0;0;0;0;0;0;0;1;0;0;0;0;1
1.0;3;1;2;205750.0;174;3;0;0;0;0;0;0;0;0;0;0;1;0;0;0;0;0;0;0;0;1
0.1667;3;1;2;205750.0;236;3;0;0;0;0;0;0;0;0;0;0;0;1;0;0;0;0;0;0;0;0
26.0;3;1;2;205750.0;10;3;0;0;0;0;0;0;0;0;0;0;0;0;0;0;1;0;0;0;0;1
33.0;3;1;2;205750.0;87;3;0;0;0;0;0;0;0;0;0;0;0;0;0;0;0;1;0;0;0;0
25.0;3;0;0;78958.0;230;0;0;0;0;0;0;0;0;0;0;0;0;0;0;0;1;0;0;0;0;1
29.8811345124283;3;0;0;78958.0;185;0;0;0;0;0;0;0;0;0;0;0;0;0;0;0;1;0;0;0;0;1
29.8811345124283;3;0;0;78958.0;123;0;0;0;0;0;0;0;0;0;0;0;0;0;0;0;1;0;0;0;0;1
22.0;3;0;0;72500.0;41;0;0;0;0;0;0;0;0;0;0;0;0;0;0;0;1;0;0;0;0;1
36.0;3;0;0;72500.0;178;0;0;0;0;0;0;0;0;0;0;0;0;0;0;0;1;0;0;0;0;1
19.0;3;0;0;78792.0;112;0;1;0;0;0;0;0;0;0;0;0;0;1;0;0;0;0;0;0;0;0
17.0;3;0;0;78958.0;220;0;0;0;0;0;0;0;0;0;0;0;0;0;0;0;1;0;0;0;0;1
42.0;3;0;0;86625.0;198;0;0;0;0;0;0;0;0;0;0;0;0;0;0;0;1;0;0;0;0;1
43.0;3;0;0;78958.0;10;0;0;0;0;0;0;0;0;0;0;0;0;0;0;0;1;0;0;0;0;1
29.8811345124283;3;0;0;72292.0;115;0;0;1;0;0;0;0;0;0;0;0;0;0;0;0;1;0;0;0;0;1
32.0;3;0;0;77500.0;156;0;1;0;0;0;0;0;0;0;0;0;0;0;0;0;1;0;0;0;0;1
19.0;3;0;0;80500.0;25;0;0;0;0;0;0;0;0;0;0;0;0;0;0;0;1;0;0;0;0;1
30.0;3;0;0;124750.0;164;0;0;0;0;0;0;0;0;0;0;0;0;1;0;0;0;0;0;0;0;0
24.0;3;0;0;77500.0;45;0;1;0;0;0;0;0;0;0;0;0;0;1;0;0;0;0;0;0;0;0
23.0;3;0;0;80500.0;25;0;0;0;0;0;0;0;0;0;0;0;0;1;0;0;0;0;0;0;0;0
33.0;3;0;0;78958.0;187;0;0;1;0;0;0;0;0;0;0;0;0;0;0;0;1;0;0;0;0;1
65.0;3;0;0;77500.0;235;0;1;0;0;0;0;0;0;0;0;0;0;0;0;0;1;0;0;0;0;1
24.0;3;0;0;75500.0;220;0;0;0;0;0;0;0;0;0;0;0;0;0;0;0;1;0;0;0;0;1
23.0;3;1;0;139000.0;29;1;0;0;0;0;0;0;0;0;0;0;0;0;0;0;1;0;0;0;0;1
22.0;3;1;0;139000.0;153;1;0;0;0;0;0;0;0;0;0;0;0;0;0;0;0;1;0;0;0;0
18.0;3;0;0;77750.0;232;0;0;0;0;0;0;0;0;0;0;0;0;0;0;0;1;0;0;0;0;1
16.0;3;0;0;77750.0;48;0;0;0;0;0;0;0;0;0;0;0;0;0;0;0;1;0;0;0;0;1
45.0;3;0;0;69750.0;230;0;0;0;0;0;0;0;0;0;0;0;0;0;0;0;1;0;0;0;0;1
29.8811345124283;3;0;0;72250.0;50;0;0;1;0;0;0;0;0;0;0;0;0;0;0;0;1;0;0;0;0;1
39.0;3;0;2;72292.0;71;2;0;1;0;0;0;0;0;0;0;0;0;0;0;0;1;0;0;0;0;1
17.0;3;1;1;72292.0;245;2;0;1;0;0;0;0;0;0;0;0;0;0;0;0;1;0;0;0;0;1
15.0;3;1;1;72292.0;117;2;0;1;0;0;0;0;0;0;0;0;0;0;0;0;1;0;0;0;0;1
47.0;3;0;0;72500.0;32;0;0;0;0;0;0;0;0;0;0;0;0;0;0;0;1;0;0;0;0;1
5.0;3;0;0;124750.0;52;0;0;0;0;0;0;0;0;0;0;0;0;1;0;0;0;0;0;0;0;0
29.8811345124283;3;0;0;72250.0;251;0;0;1;0;0;0;0;0;0;0;0;0;0;0;0;1;0;0;0;0;1
40.5;3;0;0;151000.0;30;0;0;0;0;0;0;0;0;0;0;0;0;0;0;0;1;0;0;0;0;1
40.5;3;0;0;77500.0;147;0;1;0;0;0;0;0;0;0;0;0;0;0;0;0;1;0;0;0;0;1
29.8811345124283;3;0;0;70500.0;159;0;0;0;0;0;0;0;0;0;0;0;0;0;0;0;1;0;0;0;0;1
18.0;3;0;0;77958.0;162;0;0;0;0;0;0;0;0;0;0;0;0;0;0;0;1;0;0;0;0;1
29.8811345124283;3;0;0;77500.0;31;0;1;0;0;0;0;0;0;0;0;0;0;1;0;0;0;0;0;0;0;0
29.8811345124283;3;0;0;77500.0;221;0;1;0;0;0;0;0;0;0;0;0;0;0;0;0;1;0;0;0;0;1
29.8811345124283;3;0;0;69500.0;188;0;1;0;0;0;0;0;0;0;0;0;0;0;0;0;1;0;0;0;0;1
26.0;3;0;0;78792.0;193;0;1;0;0;0;0;0;0;0;0;0;0;0;0;0;1;0;0;0;0;1
29.8811345124283;3;0;0;77500.0;52;0;1;0;0;0;0;0;0;0;0;0;0;0;0;0;1;0;0;0;0;1
29.8811345124283;3;0;0;564958.0;18;0;0;0;0;0;0;0;0;0;0;0;0;0;0;0;1;0;0;0;0;1
21.0;3;2;2;343750.0;30;4;0;0;0;0;0;0;0;0;0;0;0;1;0;0;0;0;0;0;0;0
9.0;3;2;2;343750.0;186;4;0;0;0;0;0;0;0;0;0;0;0;1;0;0;0;0;0;0;0;0
29.8811345124283;3;0;0;80500.0;100;0;0;0;0;0;0;0;0;0;0;0;0;0;0;0;1;0;0;0;0;1
18.0;3;2;2;343750.0;106;4;0;0;0;0;0;0;0;0;0;0;0;0;0;0;1;0;0;0;0;1
16.0;3;1;3;343750.0;2;4;0;0;0;0;0;0;0;0;0;0;0;0;0;0;1;0;0;0;0;1
48.0;3;1;3;343750.0;11;4;0;0;0;0;0;0;0;0;0;0;0;0;0;0;0;1;0;0;0;0
29.8811345124283;3;0;0;77500.0;164;0;1;0;0;0;0;0;0;0;0;0;0;0;0;0;1;0;0;0;0;1
29.8811345124283;3;0;0;72500.0;213;0;0;0;0;0;0;0;0;0;0;0;0;0;0;0;1;0;0;0;0;1
25.0;3;0;0;77417.0;95;0;1;0;0;0;0;0;0;0;0;0;0;0;0;0;1;0;0;0;0;1
29.8811345124283;3;0;0;145000.0;181;0;0;0;0;0;0;0;0;0;0;0;0;0;0;0;1;0;0;0;0;1
29.8811345124283;3;0;0;78958.0;31;0;0;1;0;0;0;0;0;0;0;0;0;0;0;0;1;0;0;0;0;1
22.0;3;0;0;80500.0;100;0;0;0;0;0;0;0;0;0;0;0;0;0;0;0;1;0;0;0;0;1
16.0;3;0;0;77333.0;97;0;1;0;0;0;0;0;0;0;0;0;0;1;0;0;0;0;0;0;0;0
29.8811345124283;3;0;0;77500.0;110;0;1;0;0;0;0;0;0;0;0;0;0;1;0;0;0;0;0;0;0;0
9.0;3;0;2;205250.0;240;2;0;0;0;0;0;0;0;0;0;0;1;0;0;0;0;0;0;0;0;1
33.0;3;1;1;205250.0;200;2;0;0;0;0;0;0;0;0;0;0;0;0;0;0;1;0;0;0;0;1
41.0;3;0;0;78500.0;231;0;0;0;0;0;0;0;0;0;0;0;0;0;0;0;1;0;0;0;0;1
31.0;3;1;1;205250.0;117;2;0;0;0;0;0;0;0;0;0;0;0;0;0;0;0;1;0;0;0;0
38.0;3;0;0;70500.0;81;0;0;0;0;0;0;0;0;0;0;0;0;0;0;0;1;0;0;0;0;1
9.0;3;5;2;469000.0;113;7;0;0;0;0;0;0;0;0;0;0;1;0;0;0;0;0;0;0;0;1
1.0;3;5;2;469000.0;8;7;0;0;0;0;0;0;0;0;0;0;1;0;0;0;0;0;0;0;0;1
11.0;3;5;2;469000.0;52;7;0;0;0;0;0;0;0;0;0;0;1;0;0;0;0;0;0;0;0;1
10.0;3;5;2;469000.0;165;7;0;0;0;0;0;0;0;0;0;0;0;1;0;0;0;0;0;0;0;0
16.0;3;5;2;469000.0;126;7;0;0;0;0;0;0;0;0;0;0;0;1;0;0;0;0;0;0;0;0
14.0;3;5;2;469000.0;163;7;0;0;0;0;0;0;0;0;0;0;0;0;0;0;1;0;0;0;0;1
40.0;3;1;6;469000.0;79;7;0;0;0;0;0;0;0;0;0;0;0;0;0;0;1;0;0;0;0;1
43.0;3;1;6;469000.0;148;7;0;0;0;0;0;0;0;0;0;0;0;0;0;0;0;1;0;0;0;0
51.0;3;0;0;80500.0;26;0;0;0;0;0;0;0;0;0;0;0;0;0;0;0;1;0;0;0;0;1
32.0;3;0;0;83625.0;236;0;0;0;0;0;0;0;0;0;0;0;0;0;0;0;1;0;0;0;0;1
29.8811345124283;3;0;0;80500.0;169;0;0;0;0;0;0;0;0;0;0;0;0;0;0;0;1;0;0;0;0;1
20.0;3;0;0;98458.0;174;0;0;0;0;0;0;0;0;0;0;0;0;0;0;0;1;0;0;0;0;1
37.0;3;2;0;79250.0;34;2;0;0;0;0;0;0;0;0;0;0;0;0;0;0;1;0;0;0;0;1
28.0;3;2;0;79250.0;157;2;0;0;0;0;0;0;0;0;0;0;0;0;0;0;1;0;0;0;0;1
19.0;3;0;0;77750.0;233;0;0;0;0;0;0;0;0;0;0;0;0;0;0;0;1;0;0;0;0;1
24.0;3;0;0;88500.0;109;0;0;0;0;0;0;0;0;0;0;0;0;1;0;0;0;0;0;0;0;0
17.0;3;0;0;77333.0;4;0;1;0;0;0;0;0;0;0;0;0;0;1;0;0;0;0;0;0;0;0
29.8811345124283;3;1;0;199667.0;218;1;0;0;0;0;0;0;0;0;0;0;0;0;0;0;1;0;0;0;0;1
29.8811345124283;3;1;0;199667.0;221;1;0;0;0;0;0;0;0;0;0;0;0;0;0;0;1;0;0;0;0;1
28.0;3;1;0;158500.0;116;1;0;0;0;0;0;0;0;0;0;0;0;0;0;0;1;0;0;0;0;1
24.0;3;1;0;158500.0;236;1;0;0;0;0;0;0;0;0;0;0;0;0;0;0;0;1;0;0;0;0
20.0;3;0;0;95000.0;104;0;0;0;0;0;0;0;0;0;0;0;0;0;0;0;1;0;0;0;0;1
23.5;3;0;0;72292.0;95;0;0;1;0;0;0;0;0;0;0;0;0;0;0;0;1;0;0;0;0;1
41.0;3;2;0;141083.0;117;2;0;0;0;0;0;0;0;0;0;0;0;0;0;0;1;0;0;0;0;1
26.0;3;1;0;78542.0;200;1;0;0;0;0;0;0;0;0;0;0;0;0;0;0;1;0;0;0;0;1
21.0;3;0;0;78542.0;219;0;0;0;0;0;0;0;0;0;0;0;0;0;0;0;1;0;0;0;0;1
45.0;3;1;0;141083.0;119;1;0;0;0;0;0;0;0;0;0;0;0;0;0;0;0;1;0;0;0;0
29.8811345124283;3;0;0;75500.0;98;0;0;0;0;0;0;0;0;0;0;0;0;1;0;0;0;0;0;0;0;0
25.0;3;0;0;72500.0;80;0;0;0;0;0;0;0;0;0;0;0;0;0;0;0;1;0;0;0;0;1
29.8811345124283;3;0;0;68583.0;53;0;1;0;0;0;0;0;0;0;0;0;0;0;0;0;1;0;0;0;0;1
11.0;3;0;0;187875.0;10;0;0;1;0;0;0;0;0;0;0;0;0;0;0;0;1;0;0;0;0;1
29.8811345124283;3;0;0;77500.0;25;0;1;0;0;0;0;0;0;0;0;0;0;1;0;0;0;0;0;0;0;0
27.0;3;0;0;69750.0;105;0;0;0;0;0;0;0;0;0;0;0;0;0;0;0;1;0;0;0;0;1
29.8811345124283;3;0;0;564958.0;216;0;0;0;0;0;0;0;0;0;0;0;0;0;0;0;1;0;0;0;0;1
18.0;3;0;0;67500.0;187;0;1;0;0;0;0;0;0;0;0;0;0;1;0;0;0;0;0;0;0;0
26.0;3;0;0;79250.0;207;0;0;0;0;0;0;0;0;0;0;0;0;1;0;0;0;0;0;0;0;0
23.0;3;0;0;79250.0;203;0;0;0;0;0;0;0;0;0;0;0;0;1;0;0;0;0;0;0;0;0
22.0;3;0;0;89625.0;10;0;0;0;0;0;0;0;0;0;0;0;0;1;0;0;0;0;0;0;0;0
28.0;3;0;0;78958.0;245;0;0;0;0;0;0;0;0;0;0;0;0;0;0;0;1;0;0;0;0;1
28.0;3;0;0;77750.0;188;0;0;0;0;0;0;0;0;0;0;0;0;1;0;0;0;0;0;0;0;0
29.8811345124283;3;0;0;77500.0;190;0;1;0;0;0;0;0;0;0;0;0;0;1;0;0;0;0;0;0;0;0
2.0;3;0;1;122875.0;28;1;0;0;0;0;0;0;0;0;0;0;0;1;0;0;0;0;0;0;0;0
22.0;3;1;1;122875.0;158;2;0;0;0;0;0;0;0;0;0;0;0;0;0;0;0;1;0;0;0;0
43.0;3;0;0;64500.0;38;0;0;0;0;0;0;0;0;0;0;0;0;0;0;0;1;0;0;0;0;1
28.0;3;0;0;225250.0;6;0;0;0;0;0;0;0;0;0;0;0;0;0;0;0;1;0;0;0;0;1
27.0;3;0;0;79250.0;79;0;0;0;0;0;0;0;0;0;0;0;0;1;0;0;0;0;0;0;0;0
29.8811345124283;3;0;0;77500.0;11;0;1;0;0;0;0;0;0;0;0;0;0;0;0;0;1;0;0;0;0;1
29.8811345124283;3;0;0;80500.0;253;0;0;0;0;0;0;0;0;0;0;0;0;1;0;0;0;0;0;0;0;0
42.0;3;0;0;76500.0;211;0;0;0;0;0;0;0;0;0;0;0;0;0;0;0;1;0;0;0;0;1
29.8811345124283;3;0;0;78875.0;168;0;0;0;0;0;0;0;0;0;0;0;0;0;0;0;1;0;0;0;0;1
30.0;3;0;0;72292.0;123;0;0;1;0;0;0;0;0;0;0;0;0;0;0;0;1;0;0;0;0;1
29.8811345124283;3;0;0;78958.0;198;0;0;0;0;0;0;0;0;0;0;0;0;0;0;0;1;0;0;0;0;1
27.0;3;1;0;79250.0;91;1;0;0;0;0;0;0;0;0;0;0;0;1;0;0;0;0;0;0;0;0
25.0;3;1;0;79250.0;54;1;0;0;0;0;0;0;0;0;0;0;0;1;0;0;0;0;0;0;0;0
29.8811345124283;3;0;0;78958.0;237;0;0;0;0;0;0;0;0;0;0;0;0;0;0;0;1;0;0;0;0;1
29.0;3;0;0;78958.0;4;0;0;1;0;0;0;0;0;0;0;0;0;0;0;0;1;0;0;0;0;1
21.0;3;0;0;77958.0;104;0;0;0;0;0;0;0;0;0;0;0;0;0;0;0;1;0;0;0;0;1
29.8811345124283;3;0;0;70500.0;253;0;0;0;0;0;0;0;0;0;0;0;0;0;0;0;1;0;0;0;0;1
20.0;3;0;0;78542.0;138;0;0;0;0;0;0;0;0;0;0;0;0;0;0;0;1;0;0;0;0;1
48.0;3;0;0;78542.0;100;0;0;0;0;0;0;0;0;0;0;0;0;0;0;0;1;0;0;0;0;1
17.0;3;1;0;70542.0;180;1;0;0;0;0;0;0;0;0;0;0;0;0;0;0;1;0;0;0;0;1
29.8811345124283;3;0;0;77500.0;52;0;1;0;0;0;0;0;0;0;0;0;0;1;0;0;0;0;0;0;0;0
29.8811345124283;3;0;0;81125.0;181;0;0;0;0;0;0;0;0;0;0;0;0;0;0;0;1;0;0;0;0;1
34.0;3;0;0;64958.0;97;0;0;0;0;0;0;0;0;0;0;0;0;0;0;0;1;0;0;0;0;1
26.0;3;0;0;77750.0;197;0;0;0;0;0;0;0;0;0;0;0;0;0;0;0;1;0;0;0;0;1
22.0;3;0;0;77958.0;95;0;0;0;0;0;0;0;0;0;0;0;0;0;0;0;1;0;0;0;0;1
33.0;3;0;0;86542.0;204;0;0;0;0;0;0;0;0;0;0;0;0;0;0;0;1;0;0;0;0;1
31.0;3;0;0;77750.0;236;0;0;0;0;0;0;0;0;0;0;0;0;0;0;0;1;0;0;0;0;1
29.0;3;0;0;78542.0;109;0;0;0;0;0;0;0;0;0;0;0;0;0;0;0;1;0;0;0;0;1
4.0;3;1;1;111333.0;240;2;0;0;0;0;0;0;0;0;0;0;1;0;0;0;0;0;0;0;0;1
1.0;3;1;1;111333.0;187;2;0;0;0;0;0;0;0;0;0;0;0;1;0;0;0;0;0;0;0;0
49.0;3;0;0;0.0;131;0;0;0;0;0;0;0;0;0;0;0;0;0;0;0;1;0;0;0;0;1
33.0;3;0;0;77750.0;122;0;0;0;0;0;0;0;0;0;0;0;0;0;0;0;1;0;0;0;0;1
19.0;3;0;0;0.0;141;0;0;0;0;0;0;0;0;0;0;0;0;0;0;0;1;0;0;0;0;1
27.0;3;0;2;111333.0;229;2;0;0;0;0;0;0;0;0;0;0;0;0;0;0;0;1;0;0;0;0
29.8811345124283;3;1;2;234500.0;172;3;0;0;0;0;0;0;0;0;0;0;1;0;0;0;0;0;0;0;0;1
29.8811345124283;3;1;2;234500.0;161;3;0;0;0;0;0;0;0;0;0;0;0;1;0;0;0;0;0;0;0;0
29.8811345124283;3;1;2;234500.0;243;3;0;0;0;0;0;0;0;0;0;0;0;0;0;0;1;0;0;0;0;1
29.8811345124283;3;1;2;234500.0;141;3;0;0;0;0;0;0;0;0;0;0;0;0;0;0;0;1;0;0;0;0
23.0;3;0;0;78958.0;7;0;0;0;0;0;0;0;0;0;0;0;0;0;0;0;1;0;0;0;0;1
32.0;3;0;0;78542.0;176;0;0;0;0;0;0;0;0;0;0;0;0;0;0;0;1;0;0;0;0;1
27.0;3;0;0;78542.0;156;0;0;0;0;0;0;0;0;0;0;0;0;0;0;0;1;0;0;0;0;1
20.0;3;1;0;98250.0;41;1;0;0;0;0;0;0;0;0;0;0;0;1;0;0;0;0;0;0;0;0
21.0;3;1;0;98250.0;187;1;0;0;0;0;0;0;0;0;0;0;0;1;0;0;0;0;0;0;0;0
32.0;3;0;0;79250.0;132;0;0;0;0;0;0;0;0;0;0;0;0;0;0;0;1;0;0;0;0;1
17.0;3;0;0;71250.0;209;0;0;0;0;0;0;0;0;0;0;0;0;0;0;0;1;0;0;0;0;1
21.0;3;0;0;84333.0;241;0;0;0;0;0;0;0;0;0;0;0;0;0;0;0;1;0;0;0;0;1
30.0;3;0;0;78958.0;147;0;0;0;0;0;0;0;0;0;0;0;0;0;0;0;1;0;0;0;0;1
21.0;3;0;0;77958.0;155;0;0;0;0;0;0;0;0;0;0;0;0;0;0;0;1;0;0;0;0;1
33.0;3;0;0;78542.0;128;0;0;0;0;0;0;0;0;0;0;0;0;0;0;0;1;0;0;0;0;1
22.0;3;0;0;75208.0;16;0;0;0;0;0;0;0;0;0;0;0;0;0;0;0;1;0;0;0;0;1
4.0;3;0;1;134167.0;24;1;0;1;0;0;0;0;0;0;0;0;0;1;0;0;0;0;0;0;0;0
39.0;3;0;1;134167.0;111;1;0;1;0;0;0;0;0;0;0;0;0;0;0;0;1;0;0;0;0;1
29.8811345124283;3;0;0;72292.0;207;0;0;1;0;0;0;0;0;0;0;0;0;0;0;0;1;0;0;0;0;1
18.5;3;0;0;72292.0;89;0;0;1;0;0;0;0;0;0;0;0;0;0;0;0;1;0;0;0;0;1
29.8811345124283;3;0;0;77500.0;216;0;1;0;0;0;0;0;0;0;0;0;0;0;0;0;1;0;0;0;0;1
29.8811345124283;3;0;0;72500.0;38;0;0;0;0;0;0;0;0;0;0;0;0;0;0;0;1;0;0;0;0;1
29.8811345124283;3;0;0;77500.0;254;0;1;0;0;0;0;0;0;0;0;0;0;1;0;0;0;0;0;0;0;0
29.8811345124283;3;0;0;77500.0;247;0;1;0;0;0;0;0;0;0;0;0;0;1;0;0;0;0;0;0;0;0
34.5;3;0;0;78292.0;53;0;1;0;0;0;0;0;0;0;0;0;0;0;0;0;1;0;0;0;0;1
44.0;3;0;0;80500.0;240;0;0;0;0;0;0;0;0;0;0;0;0;0;0;0;1;0;0;0;0;1
29.8811345124283;3;0;0;77500.0;77;0;1;0;0;0;0;0;0;0;0;0;0;0;0;0;1;0;0;0;0;1
29.8811345124283;3;1;0;144542.0;53;1;0;1;0;0;0;0;0;0;0;0;0;0;0;0;1;0;0;0;0;1
29.8811345124283;3;1;0;144542.0;215;1;0;1;0;0;0;0;0;0;0;0;0;0;0;0;0;1;0;0;0;0
29.8811345124283;3;1;0;77500.0;172;1;1;0;0;0;0;0;0;0;0;0;0;0;0;0;1;0;0;0;0;1
29.8811345124283;3;1;0;77500.0;161;1;1;0;0;0;0;0;0;0;0;0;0;0;0;0;1;0;0;0;0;1
29.8811345124283;3;0;0;77375.0;73;0;1;0;0;0;0;0;0;0;0;0;0;0;0;0;1;0;0;0;0;1
22.0;3;2;0;86625.0;30;2;0;0;0;0;0;0;0;0;0;0;0;1;0;0;0;0;0;0;0;0
26.0;3;2;0;86625.0;67;2;0;0;0;0;0;0;0;0;0;0;0;0;0;0;1;0;0;0;0;1
4.0;3;0;2;220250.0;109;2;0;0;0;0;0;0;0;0;0;0;0;1;0;0;0;0;0;0;0;0
29.0;3;3;1;220250.0;7;4;0;0;0;0;0;0;0;0;0;0;0;0;0;0;1;0;0;0;0;1
26.0;3;1;1;220250.0;256;2;0;0;0;0;0;0;0;0;0;0;0;0;0;0;0;1;0;0;0;0
1.0;3;1;1;121833.0;18;2;0;0;0;0;0;0;0;0;0;0;0;1;0;0;0;0;0;0;0;0
18.0;3;1;1;78542.0;173;2;0;0;0;0;0;0;0;0;0;0;0;0;0;0;1;0;0;0;0;1
36.0;3;0;2;121833.0;1;2;0;0;0;0;0;0;0;0;0;0;0;0;0;0;0;1;0;0;0;0
29.8811345124283;3;0;0;78958.0;53;0;0;1;0;0;0;0;0;0;0;0;0;0;0;0;1;0;0;0;0;1
25.0;3;0;0;72292.0;232;0;0;1;0;0;0;0;0;0;0;0;0;0;0;0;1;0;0;0;0;1
29.8811345124283;3;0;0;72250.0;194;0;0;1;0;0;0;0;0;0;0;0;0;0;0;0;1;0;0;0;0;1
37.0;3;0;0;95875.0;38;0;0;0;0;0;0;0;0;0;0;0;0;1;0;0;0;0;0;0;0;0
29.8811345124283;3;0;0;78958.0;18;0;0;0;0;0;0;0;0;0;0;0;0;0;0;0;1;0;0;0;0;1
29.8811345124283;3;0;0;564958.0;40;0;0;0;0;0;0;0;0;0;0;0;0;0;0;0;1;0;0;0;0;1
29.8811345124283;3;0;0;564958.0;213;0;0;0;0;0;0;0;0;0;0;0;0;0;0;0;1;0;0;0;0;1
22.0;3;0;0;72500.0;36;0;0;0;0;0;0;0;0;0;0;0;0;1;0;0;0;0;0;0;0;0
29.8811345124283;3;0;0;77500.0;125;0;1;0;0;0;0;0;0;0;0;0;0;0;0;0;1;0;0;0;0;1
26.0;3;0;0;564958.0;240;0;0;0;0;0;0;0;0;0;0;0;0;0;0;0;1;0;0;0;0;1
29.0;3;0;0;94833.0;124;0;0;0;0;0;0;0;0;0;0;0;0;0;0;0;1;0;0;0;0;1
29.0;3;0;0;77750.0;58;0;0;0;0;0;0;0;0;0;0;0;0;0;0;0;1;0;0;0;0;1
22.0;3;0;0;77750.0;218;0;0;0;0;0;0;0;0;0;0;0;0;0;0;0;1;0;0;0;0;1
22.0;3;0;0;72250.0;246;0;0;1;0;0;0;0;0;0;0;0;0;0;0;0;1;0;0;0;0;1
29.8811345124283;3;3;1;254667.0;92;4;0;0;0;0;0;0;0;0;0;0;1;0;0;0;0;0;0;0;0;1
29.8811345124283;3;3;1;254667.0;34;4;0;0;0;0;0;0;0;0;0;0;0;1;0;0;0;0;0;0;0;0
29.8811345124283;3;3;1;254667.0;67;4;0;0;0;0;0;0;0;0;0;0;0;1;0;0;0;0;0;0;0;0
29.8811345124283;3;3;1;254667.0;76;4;0;0;0;0;0;0;0;0;0;0;0;1;0;0;0;0;0;0;0;0
29.8811345124283;3;0;4;254667.0;213;4;0;0;0;0;0;0;0;0;0;0;0;0;0;0;0;1;0;0;0;0
32.0;3;0;0;79250.0;138;0;0;0;0;0;0;0;0;0;0;0;0;0;0;0;1;0;0;0;0;1
34.5;3;0;0;64375.0;114;0;0;1;0;0;0;0;0;0;0;0;0;0;0;0;1;0;0;0;0;1
29.8811345124283;3;1;0;155000.0;5;1;1;0;0;0;0;0;0;0;0;0;0;1;0;0;0;0;0;0;0;0
29.8811345124283;3;1;0;155000.0;125;1;1;0;0;0;0;0;0;0;0;0;0;0;0;0;1;0;0;0;0;1
36.0;3;0;0;0.0;149;0;0;0;0;0;0;0;0;0;0;0;0;0;0;0;1;0;0;0;0;1
39.0;3;0;0;241500.0;124;0;0;0;0;0;0;0;0;0;0;0;0;0;0;0;1;0;0;0;0;1
24.0;3;0;0;95000.0;190;0;0;0;0;0;0;0;0;0;0;0;0;0;0;0;1;0;0;0;0;1
25.0;3;0;0;77750.0;183;0;0;0;0;0;0;0;0;0;0;0;0;1;0;0;0;0;0;0;0;0
45.0;3;0;0;77500.0;193;0;0;0;0;0;0;0;0;0;0;0;0;1;0;0;0;0;0;0;0;0
36.0;3;1;0;155500.0;81;1;0;0;0;0;0;0;0;0;0;0;0;0;0;0;1;0;0;0;0;1
30.0;3;1;0;155500.0;230;1;0;0;0;0;0;0;0;0;0;0;0;0;0;0;0;1;0;0;0;0
20.0;3;1;0;79250.0;121;1;0;0;0;0;0;0;0;0;0;0;0;0;0;0;1;0;0;0;0;1
29.8811345124283;3;0;0;78792.0;197;0;1;0;0;0;0;0;0;0;0;0;0;0;0;0;1;0;0;0;0;1
28.0;3;0;0;564958.0;150;0;0;0;0;0;0;0;0;0;0;0;0;0;0;0;1;0;0;0;0;1
29.8811345124283;3;0;0;75500.0;56;0;0;0;0;0;0;0;0;0;0;0;0;0;0;0;1;0;0;0;0;1
30.0;3;1;0;161000.0;236;1;0;0;0;0;0;0;0;0;0;0;0;0;0;0;1;0;0;0;0;1
26.0;3;1;0;161000.0;45;1;0;0;0;0;0;0;0;0;0;0;0;0;0;0;0;1;0;0;0;0
29.8811345124283;3;0;0;78792.0;221;0;0;0;0;0;0;0;0;0;0;0;0;0;0;0;1;0;0;0;0;1
20.5;3;0;0;72500.0;243;0;0;0;0;0;0;0;0;0;0;0;0;0;0;0;1;0;0;0;0;1
27.0;3;0;0;86625.0;163;0;0;0;0;0;0;0;0;0;0;0;0;0;0;0;1;0;0;0;0;1
51.0;3;0;0;70542.0;242;0;0;0;0;0;0;0;0;0;0;0;0;0;0;0;1;0;0;0;0;1
23.0;3;0;0;78542.0;91;0;0;0;0;0;0;0;0;0;0;0;0;1;0;0;0;0;0;0;0;0
32.0;3;0;0;75792.0;26;0;0;0;0;0;0;0;0;0;0;0;0;0;0;0;1;0;0;0;0;1
29.8811345124283;3;0;0;78958.0;61;0;0;0;0;0;0;0;0;0;0;0;0;0;0;0;1;0;0;0;0;1
29.8811345124283;3;0;0;75500.0;31;0;0;0;0;0;0;0;0;0;0;0;0;0;0;0;1;0;0;0;0;1
29.8811345124283;3;0;0;77500.0;256;0;1;0;0;0;0;0;0;0;0;0;0;1;0;0;0;0;0;0;0;0
24.0;3;0;0;71417.0;60;0;0;0;0;0;0;0;0;0;0;0;0;0;0;0;1;0;0;0;0;1
22.0;3;0;0;71250.0;90;0;0;0;0;0;0;0;0;0;0;0;0;0;0;0;1;0;0;0;0;1
29.8811345124283;3;0;0;78792.0;189;0;1;0;0;0;0;0;0;0;0;0;0;1;0;0;0;0;0;0;0;0
29.8811345124283;3;0;0;77500.0;123;0;1;0;0;0;0;0;0;0;0;0;0;0;0;0;1;0;0;0;0;1
29.8811345124283;3;0;0;80500.0;24;0;0;0;0;0;0;0;0;0;0;0;0;0;0;0;1;0;0;0;0;1
29.0;3;0;0;79250.0;42;0;0;0;0;0;0;0;0;0;0;0;0;0;0;0;1;0;0;0;0;1
29.8811345124283;3;0;0;72292.0;102;0;0;1;0;0;0;0;0;0;0;0;0;0;0;0;1;0;0;0;0;1
30.5;3;0;0;77500.0;142;0;1;0;0;0;0;0;0;0;0;0;0;1;0;0;0;0;0;0;0;0
29.8811345124283;3;0;0;77375.0;86;0;1;0;0;0;0;0;0;0;0;0;0;1;0;0;0;0;0;0;0;0
29.8811345124283;3;0;0;72292.0;44;0;0;1;0;0;0;0;0;0;0;0;0;0;0;0;1;0;0;0;0;1
35.0;3;0;0;78958.0;80;0;0;1;0;0;0;0;0;0;0;0;0;0;0;0;1;0;0;0;0;1
33.0;3;0;0;78958.0;81;0;0;0;0;0;0;0;0;0;0;0;0;0;0;0;1;0;0;0;0;1
29.8811345124283;3;0;0;72250.0;43;0;0;1;0;0;0;0;0;0;0;0;0;0;0;0;0;1;0;0;0;0
29.8811345124283;3;0;0;78958.0;175;0;0;1;0;0;0;0;0;0;0;0;0;0;0;0;1;0;0;0;0;1
29.8811345124283;3;0;0;77500.0;88;0;1;0;0;0;0;0;0;0;0;0;0;1;0;0;0;0;0;0;0;0
29.8811345124283;3;0;0;77500.0;63;0;1;0;0;0;0;0;0;0;0;0;0;0;0;0;1;0;0;0;0;1
29.8811345124283;3;2;0;232500.0;234;2;1;0;0;0;0;0;0;0;0;0;0;1;0;0;0;0;0;0;0;0
29.8811345124283;3;2;0;232500.0;10;2;1;0;0;0;0;0;0;0;0;0;0;1;0;0;0;0;0;0;0;0
29.8811345124283;3;2;0;232500.0;69;2;1;0;0;0;0;0;0;0;0;0;0;0;0;0;1;0;0;0;0;1
29.8811345124283;3;0;0;77875.0;244;0;1;0;0;0;0;0;0;0;0;0;0;1;0;0;0;0;0;0;0;0
29.8811345124283;3;0;0;155000.0;100;0;1;0;0;0;0;0;0;0;0;0;0;0;0;0;1;0;0;0;0;1
29.8811345124283;3;0;0;78792.0;212;0;1;0;0;0;0;0;0;0;0;0;0;1;0;0;0;0;0;0;0;0
15.0;3;0;0;80292.0;130;0;1;0;0;0;0;0;0;0;0;0;0;1;0;0;0;0;0;0;0;0
35.0;3;0;0;77500.0;73;0;1;0;0;0;0;0;0;0;0;0;0;1;0;0;0;0;0;0;0;0
29.8811345124283;3;0;0;77500.0;107;0;1;0;0;0;0;0;0;0;0;0;0;0;0;0;1;0;0;0;0;1
24.0;3;1;0;161000.0;195;1;0;0;0;0;0;0;0;0;0;0;0;0;0;0;1;0;0;0;0;1
19.0;3;1;0;161000.0;188;1;0;0;0;0;0;0;0;0;0;0;0;0;0;0;0;1;0;0;0;0
29.8811345124283;3;0;0;77500.0;209;0;1;0;0;0;0;0;0;0;0;0;0;1;0;0;0;0;0;0;0;0
29.8811345124283;3;0;0;80500.0;250;0;0;0;0;0;0;0;0;0;0;0;0;1;0;0;0;0;0;0;0;0
29.8811345124283;3;0;0;80500.0;216;0;0;0;0;0;0;0;0;0;0;0;0;0;0;0;0;1;0;0;0;0
55.5;3;0;0;80500.0;182;0;0;0;0;0;0;0;0;0;0;0;0;0;0;0;1;0;0;0;0;1
29.8811345124283;3;0;0;77500.0;35;0;1;0;0;0;0;0;0;0;0;0;0;0;0;0;1;0;0;0;0;1
21.0;3;0;0;77750.0;60;0;0;0;0;0;0;0;0;0;0;0;0;0;0;0;1;0;0;0;0;1
29.8811345124283;3;0;0;80500.0;81;0;0;0;0;0;0;0;0;0;0;0;0;0;0;0;1;0;0;0;0;1
24.0;3;0;0;78958.0;181;0;0;0;0;0;0;0;0;0;0;0;0;0;0;0;1;0;0;0;0;1
21.0;3;0;0;78958.0;105;0;0;0;0;0;0;0;0;0;0;0;0;0;0;0;1;0;0;0;0;1
28.0;3;0;0;78958.0;184;0;0;0;0;0;0;0;0;0;0;0;0;0;0;0;1;0;0;0;0;1
29.8811345124283;3;0;0;78958.0;28;0;0;0;0;0;0;0;0;0;0;0;0;0;0;0;1;0;0;0;0;1
29.8811345124283;3;0;0;78792.0;160;0;1;0;0;0;0;0;0;0;0;0;0;1;0;0;0;0;0;0;0;0
25.0;3;0;0;76500.0;50;0;0;0;0;0;0;0;0;0;0;0;0;0;0;0;1;0;0;0;0;1
6.0;3;0;1;124750.0;14;1;0;0;0;0;0;0;0;0;0;0;1;0;0;0;0;0;0;0;0;1
27.0;3;0;1;124750.0;188;1;0;0;0;0;0;0;0;0;0;0;0;0;0;0;0;1;0;0;0;0
29.8811345124283;3;0;0;80500.0;25;0;0;0;0;0;0;0;0;0;0;0;0;0;0;0;1;0;0;0;0;1
29.8811345124283;3;1;0;241500.0;158;1;1;0;0;0;0;0;0;0;0;0;0;1;0;0;0;0;0;0;0;0
29.8811345124283;3;1;0;241500.0;1;1;1;0;0;0;0;0;0;0;0;0;0;0;0;0;1;0;0;0;0;1
29.8811345124283;3;0;0;84583.0;185;0;1;0;0;0;0;0;0;0;0;0;0;0;0;0;1;0;0;0;0;1
34.0;3;0;0;80500.0;127;0;0;0;0;0;0;0;0;0;0;0;0;0;0;0;1;0;0;0;0;1
29.8811345124283;3;0;0;77500.0;114;0;1;0;0;0;0;0;0;0;0;0;0;0;0;0;1;0;0;0;0;1
29.8811345124283;3;0;0;77750.0;250;0;0;0;0;0;0;0;0;0;0;0;0;0;0;0;1;0;0;0;0;1
29.8811345124283;3;1;1;152458.0;120;2;0;1;0;0;0;0;0;0;0;0;1;0;0;0;0;0;0;0;0;1
29.8811345124283;3;1;1;152458.0;188;2;0;1;0;0;0;0;0;0;0;0;1;0;0;0;0;0;0;0;0;1
29.8811345124283;3;0;2;152458.0;107;2;0;1;0;0;0;0;0;0;0;0;0;0;0;0;0;1;0;0;0;0
29.8811345124283;3;0;0;72292.0;55;0;0;1;0;0;0;0;0;0;0;0;0;0;0;0;0;1;0;0;0;0
29.8811345124283;3;0;0;80500.0;83;0;0;0;0;0;0;0;0;0;0;0;0;0;0;0;1;0;0;0;0;1
29.8811345124283;3;0;0;77333.0;170;0;1;0;0;0;0;0;0;0;0;0;0;1;0;0;0;0;0;0;0;0
24.0;3;0;0;77500.0;213;0;1;0;0;0;0;0;0;0;0;0;0;1;0;0;0;0;0;0;0;0
29.8811345124283;3;0;0;80500.0;132;0;0;0;0;0;0;0;0;0;0;0;0;0;0;0;1;0;0;0;0;1
29.8811345124283;3;1;0;155000.0;36;1;1;0;0;0;0;0;0;0;0;0;0;1;0;0;0;0;0;0;0;0
29.8811345124283;3;1;0;155000.0;224;1;1;0;0;0;0;0;0;0;0;0;0;1;0;0;0;0;0;0;0;0
29.8811345124283;3;0;0;155000.0;62;0;1;0;0;0;0;0;0;0;0;0;0;1;0;0;0;0;0;0;0;0
18.0;3;0;0;77500.0;248;0;0;0;0;0;0;0;0;0;0;0;0;0;0;0;1;0;0;0;0;1
22.0;3;0;0;78958.0;74;0;0;0;0;0;0;0;0;0;0;0;0;0;0;0;1;0;0;0;0;1
15.0;3;0;0;72250.0;33;0;0;1;0;0;0;0;0;0;0;0;0;1;0;0;0;0;0;0;0;0
1.0;3;0;2;157417.0;70;2;0;1;0;0;0;0;0;0;0;0;0;1;0;0;0;0;0;0;0;0
20.0;3;1;1;157417.0;170;2;0;1;0;0;0;0;0;0;0;0;0;0;0;0;1;0;0;0;0;1
19.0;3;1;1;157417.0;153;2;0;1;0;0;0;0;0;0;0;0;0;0;0;0;0;1;0;0;0;0
33.0;3;0;0;80500.0;98;0;0;0;0;0;0;0;0;0;0;0;0;0;0;0;1;0;0;0;0;1
29.8811345124283;3;0;0;78958.0;241;0;0;0;0;0;0;0;0;0;0;0;0;0;0;0;1;0;0;0;0;1
29.8811345124283;3;0;0;72292.0;110;0;0;1;0;0;0;0;0;0;0;0;0;0;0;0;1;0;0;0;0;1
29.8811345124283;3;0;0;77500.0;115;0;1;0;0;0;0;0;0;0;0;0;0;1;0;0;0;0;0;0;0;0
29.8811345124283;3;0;0;78958.0;227;0;0;0;0;0;0;0;0;0;0;0;0;0;0;0;1;0;0;0;0;1
12.0;3;1;0;112417.0;18;1;0;1;0;0;0;0;0;0;0;0;1;0;0;0;0;0;0;0;0;1
14.0;3;1;0;112417.0;81;1;0;1;0;0;0;0;0;0;0;0;0;1;0;0;0;0;0;0;0;0
29.0;3;0;0;79250.0;207;0;0;0;0;0;0;0;0;0;0;0;0;1;0;0;0;0;0;0;0;0
28.0;3;0;0;80500.0;239;0;0;0;0;0;0;0;0;0;0;0;0;0;0;0;1;0;0;0;0;1
18.0;3;0;0;77750.0;236;0;0;0;0;0;0;0;0;0;0;0;0;1;0;0;0;0;0;0;0;0
26.0;3;0;0;78542.0;206;0;0;0;0;0;0;0;0;0;0;0;0;1;0;0;0;0;0;0;0;0
21.0;3;0;0;78542.0;66;0;0;0;0;0;0;0;0;0;0;0;0;0;0;0;1;0;0;0;0;1
41.0;3;0;0;71250.0;56;0;0;0;0;0;0;0;0;0;0;0;0;0;0;0;1;0;0;0;0;1
39.0;3;0;0;79250.0;64;0;0;0;0;0;0;0;0;0;0;0;0;0;0;0;1;0;0;0;0;1
21.0;3;0;0;78000.0;117;0;0;0;0;0;0;0;0;0;0;0;0;0;0;0;1;0;0;0;0;1
28.5;3;0;0;72292.0;136;0;0;1;0;0;0;0;0;0;0;0;0;0;0;0;1;0;0;0;0;1
22.0;3;0;0;77500.0;59;0;0;0;0;0;0;0;0;0;0;0;0;1;0;0;0;0;0;0;0;0
61.0;3;0;0;62375.0;65;0;0;0;0;0;0;0;0;0;0;0;0;0;0;0;1;0;0;0;0;1
29.8811345124283;3;1;0;155000.0;237;1;1;0;0;0;0;0;0;0;0;0;0;0;0;0;1;0;0;0;0;1
29.8811345124283;3;0;0;78292.0;255;0;1;0;0;0;0;0;0;0;0;0;0;0;0;0;1;0;0;0;0;1
29.8811345124283;3;1;0;155000.0;16;1;1;0;0;0;0;0;0;0;0;0;0;0;0;0;0;1;0;0;0;0
29.8811345124283;3;0;0;77333.0;61;0;1;0;0;0;0;0;0;0;0;0;0;0;0;0;1;0;0;0;0;1
29.8811345124283;3;0;0;77500.0;109;0;1;0;0;0;0;0;0;0;0;0;0;0;0;0;1;0;0;0;0;1
29.8811345124283;3;0;0;77500.0;90;0;1;0;0;0;0;0;0;0;0;0;0;0;0;0;1;0;0;0;0;1
23.0;3;0;0;92250.0;40;0;0;0;0;0;0;0;0;0;0;0;0;0;0;0;1;0;0;0;0;1
29.8811345124283;3;0;0;77500.0;78;0;1;0;0;0;0;0;0;0;0;0;0;0;0;0;0;0;1;0;0;0
29.8811345124283;3;0;0;77500.0;120;0;1;0;0;0;0;0;0;0;0;0;0;1;0;0;0;0;0;0;0;0
29.8811345124283;3;0;0;78792.0;144;0;1;0;0;0;0;0;0;0;0;0;0;1;0;0;0;0;0;0;0;0
22.0;3;0;0;77750.0;72;0;0;0;0;0;0;0;0;0;0;0;0;1;0;0;0;0;0;0;0;0
29.8811345124283;3;0;0;77500.0;128;0;1;0;0;0;0;0;0;0;0;0;0;0;0;0;1;0;0;0;0;1
29.8811345124283;3;0;0;78292.0;205;0;1;0;0;0;0;0;0;0;0;0;0;1;0;0;0;0;0;0;0;0
9.0;3;0;1;31708.0;81;1;0;0;0;0;0;0;0;0;0;0;1;0;0;0;0;0;0;0;0;1
28.0;3;0;0;225250.0;117;0;0;0;0;0;0;0;0;0;0;0;0;0;0;0;1;0;0;0;0;1
42.0;3;0;1;84042.0;17;1;0;0;0;0;0;0;0;0;0;0;0;0;0;0;1;0;0;0;0;1
29.8811345124283;3;0;0;73125.0;225;0;0;0;0;0;0;0;0;0;0;0;0;0;0;0;1;0;0;0;0;1
31.0;3;0;0;78542.0;132;0;0;0;0;0;0;0;0;0;0;0;0;1;0;0;0;0;0;0;0;0
28.0;3;0;0;78542.0;225;0;0;0;0;0;0;0;0;0;0;0;0;0;0;0;1;0;0;0;0;1
32.0;3;0;0;77750.0;76;0;0;0;0;0;0;0;0;0;0;0;0;0;0;0;1;0;0;0;0;1
20.0;3;0;0;92250.0;146;0;0;0;0;0;0;0;0;0;0;0;0;0;0;0;1;0;0;0;0;1
23.0;3;0;0;86625.0;37;0;0;0;0;0;0;0;0;0;0;0;0;1;0;0;0;0;0;0;0;0
20.0;3;0;0;86625.0;175;0;0;0;0;0;0;0;0;0;0;0;0;1;0;0;0;0;0;0;0;0
20.0;3;0;0;86625.0;239;0;0;0;0;0;0;0;0;0;0;0;0;0;0;0;1;0;0;0;0;1
16.0;3;0;0;92167.0;73;0;0;0;0;0;0;0;0;0;0;0;0;0;0;0;1;0;0;0;0;1
31.0;3;0;0;86833.0;73;0;0;0;0;0;0;0;0;0;0;0;0;0;0;0;0;1;0;0;0;0
29.8811345124283;3;0;0;76292.0;80;0;1;0;0;0;0;0;0;0;0;0;0;1;0;0;0;0;0;0;0;0
2.0;3;3;1;210750.0;48;4;0;0;0;0;0;0;0;0;0;0;1;0;0;0;0;0;0;0;0;1
6.0;3;3;1;210750.0;127;4;0;0;0;0;0;0;0;0;0;0;1;0;0;0;0;0;0;0;0;1
3.0;3;3;1;210750.0;143;4;0;0;0;0;0;0;0;0;0;0;0;1;0;0;0;0;0;0;0;0
8.0;3;3;1;210750.0;173;4;0;0;0;0;0;0;0;0;0;0;0;1;0;0;0;0;0;0;0;0
29.0;3;0;4;210750.0;188;4;0;0;0;0;0;0;0;0;0;0;0;0;0;0;0;1;0;0;0;0
1.0;3;4;1;396875.0;137;5;0;0;0;0;0;0;0;0;0;0;1;0;0;0;0;0;0;0;0;1
7.0;3;4;1;396875.0;254;5;0;0;0;0;0;0;0;0;0;0;1;0;0;0;0;0;0;0;0;1
2.0;3;4;1;396875.0;180;5;0;0;0;0;0;0;0;0;0;0;1;0;0;0;0;0;0;0;0;1
16.0;3;4;1;396875.0;106;5;0;0;0;0;0;0;0;0;0;0;0;0;0;0;1;0;0;0;0;1
14.0;3;4;1;396875.0;109;5;0;0;0;0;0;0;0;0;0;0;0;0;0;0;1;0;0;0;0;1
41.0;3;0;5;396875.0;249;5;0;0;0;0;0;0;0;0;0;0;0;0;0;0;0;1;0;0;0;0
21.0;3;0;0;86625.0;63;0;0;0;0;0;0;0;0;0;0;0;0;0;0;0;1;0;0;0;0;1
19.0;3;0;0;145000.0;185;0;0;0;0;0;0;0;0;0;0;0;0;0;0;0;1;0;0;0;0;1
29.8811345124283;3;0;0;87125.0;189;0;0;1;0;0;0;0;0;0;0;0;0;0;0;0;1;0;0;0;0;1
32.0;3;0;0;78958.0;231;0;0;0;0;0;0;0;0;0;0;0;0;0;0;0;1;0;0;0;0;1
0.75;3;1;1;137750.0;147;2;0;0;0;0;0;0;0;0;0;0;1;0;0;0;0;0;0;0;0;1
3.0;3;1;1;137750.0;201;2;0;0;0;0;0;0;0;0;0;0;0;1;0;0;0;0;0;0;0;0
26.0;3;0;2;137750.0;104;2;0;0;0;0;0;0;0;0;0;0;0;0;0;0;0;1;0;0;0;0
29.8811345124283;3;0;0;70000.0;232;0;0;0;0;0;0;0;0;0;0;0;0;0;0;0;1;0;0;0;0;1
29.8811345124283;3;0;0;77750.0;211;0;0;0;0;0;0;0;0;0;0;0;0;0;0;0;1;0;0;0;0;1
29.8811345124283;3;0;0;80500.0;244;0;0;0;0;0;0;0;0;0;0;0;0;0;0;0;1;0;0;0;0;1
21.0;3;0;0;79250.0;225;0;0;0;0;0;0;0;0;0;0;0;0;0;0;0;1;0;0;0;0;1
25.0;3;0;0;79250.0;244;0;0;0;0;0;0;0;0;0;0;0;0;0;0;0;1;0;0;0;0;1
22.0;3;0;0;72500.0;247;0;0;0;0;0;0;0;0;0;0;0;0;0;0;0;1;0;0;0;0;1
25.0;3;1;0;77750.0;69;1;0;0;0;0;0;0;0;0;0;0;0;0;0;0;1;0;0;0;0;1
29.8811345124283;3;1;1;223583.0;51;2;0;1;0;0;0;0;0;0;0;0;1;0;0;0;0;0;0;0;0;1
29.8811345124283;3;1;1;223583.0;248;2;0;1;0;0;0;0;0;0;0;0;0;1;0;0;0;0;0;0;0;0
29.8811345124283;3;0;2;223583.0;50;2;0;1;0;0;0;0;0;0;0;0;0;0;0;0;0;1;0;0;0;0
29.8811345124283;3;0;0;81375.0;105;0;1;0;0;0;0;0;0;0;0;0;0;1;0;0;0;0;0;0;0;0
24.0;3;0;0;80500.0;215;0;0;0;0;0;0;0;0;0;0;0;0;0;0;0;1;0;0;0;0;1
28.0;3;0;0;78958.0;54;0;0;0;0;0;0;0;0;0;0;0;0;1;0;0;0;0;0;0;0;0
19.0;3;0;0;78958.0;169;0;0;0;0;0;0;0;0;0;0;0;0;0;0;0;1;0;0;0;0;1
29.8811345124283;3;0;0;78958.0;57;0;0;0;0;0;0;0;0;0;0;0;0;0;0;0;1;0;0;0;0;1
25.0;3;1;0;77750.0;253;1;0;0;0;0;0;0;0;0;0;0;0;0;0;0;1;0;0;0;0;1
18.0;3;0;0;77750.0;214;0;0;0;0;0;0;0;0;0;0;0;0;1;0;0;0;0;0;0;0;0
32.0;3;0;0;80500.0;41;0;0;0;0;0;0;0;0;0;0;0;0;0;0;0;1;0;0;0;0;1
29.8811345124283;3;0;0;78958.0;68;0;0;0;0;0;0;0;0;0;0;0;0;0;0;0;1;0;0;0;0;1
17.0;3;0;0;86625.0;100;0;0;0;0;0;0;0;0;0;0;0;0;0;0;0;1;0;0;0;0;1
24.0;3;0;0;86625.0;18;0;0;0;0;0;0;0;0;0;0;0;0;0;0;0;1;0;0;0;0;1
29.8811345124283;3;0;0;78958.0;146;0;0;0;0;0;0;0;0;0;0;0;0;0;0;0;1;0;0;0;0;1
29.8811345124283;3;0;0;81125.0;212;0;0;0;0;0;0;0;0;0;0;0;0;0;0;0;0;1;0;0;0;0
29.8811345124283;3;0;0;72292.0;111;0;0;1;0;0;0;0;0;0;0;0;0;0;0;0;1;0;0;0;0;1
29.8811345124283;3;0;0;72500.0;100;0;0;0;0;0;0;0;0;0;0;0;0;0;0;0;1;0;0;0;0;1
38.0;3;0;0;78958.0;126;0;0;0;0;0;0;0;0;0;0;0;0;0;0;0;1;0;0;0;0;1
21.0;3;0;0;80500.0;72;0;0;0;0;0;0;0;0;0;0;0;0;0;0;0;1;0;0;0;0;1
10.0;3;4;1;291250.0;100;5;1;0;0;0;0;0;0;0;0;0;1;0;0;0;0;0;0;0;0;1
4.0;3;4;1;291250.0;183;5;1;0;0;0;0;0;0;0;0;0;1;0;0;0;0;0;0;0;0;1
7.0;3;4;1;291250.0;206;5;1;0;0;0;0;0;0;0;0;0;1;0;0;0;0;0;0;0;0;1
2.0;3;4;1;291250.0;178;5;1;0;0;0;0;0;0;0;0;0;1;0;0;0;0;0;0;0;0;1
8.0;3;4;1;291250.0;14;5;1;0;0;0;0;0;0;0;0;0;1;0;0;0;0;0;0;0;0;1
39.0;3;0;5;291250.0;44;5;1;0;0;0;0;0;0;0;0;0;0;0;0;0;0;1;0;0;0;0
22.0;3;0;0;396875.0;57;0;0;0;0;0;0;0;0;0;0;0;0;1;0;0;0;0;0;0;0;0
35.0;3;0;0;71250.0;40;0;0;0;0;0;0;0;0;0;0;0;0;0;0;0;1;0;0;0;0;1
29.8811345124283;3;0;0;77208.0;175;0;1;0;0;0;0;0;0;0;0;0;0;1;0;0;0;0;0;0;0;0
29.8811345124283;3;0;0;145000.0;10;0;0;0;0;0;0;0;0;0;0;0;0;0;0;0;1;0;0;0;0;1
29.8811345124283;3;0;0;145000.0;158;0;0;0;0;0;0;0;0;0;0;0;0;0;0;0;0;1;0;0;0;0
50.0;3;1;0;145000.0;239;1;0;0;0;0;0;0;0;0;0;0;0;0;0;0;1;0;0;0;0;1
47.0;3;1;0;145000.0;71;1;0;0;0;0;0;0;0;0;0;0;0;0;0;0;0;1;0;0;0;0
29.8811345124283;3;0;0;80500.0;22;0;0;0;0;0;0;0;0;0;0;0;0;0;0;0;1;0;0;0;0;1
29.8811345124283;3;0;0;77750.0;215;0;0;0;0;0;0;0;0;0;0;0;0;0;0;0;1;0;0;0;0;1
2.0;3;1;1;202125.0;214;2;0;0;0;0;0;0;0;0;0;0;0;1;0;0;0;0;0;0;0;0
18.0;3;1;1;202125.0;73;2;0;0;0;0;0;0;0;0;0;0;0;0;0;0;1;0;0;0;0;1
41.0;3;0;2;202125.0;32;2;0;0;0;0;0;0;0;0;0;0;0;0;0;0;0;1;0;0;0;0
29.8811345124283;3;0;0;80500.0;66;0;0;0;0;0;0;0;0;0;0;0;0;1;0;0;0;0;0;0;0;0
50.0;3;0;0;80500.0;78;0;0;0;0;0;0;0;0;0;0;0;0;0;0;0;1;0;0;0;0;1
16.0;3;0;0;80500.0;127;0;0;0;0;0;0;0;0;0;0;0;0;0;0;0;1;0;0;0;0;1
29.8811345124283;3;0;0;77500.0;250;0;1;0;0;0;0;0;0;0;0;0;0;0;0;0;1;0;0;0;0;1
29.8811345124283;3;0;0;241500.0;162;0;1;0;0;0;0;0;0;0;0;0;0;0;0;0;1;0;0;0;0;1
29.8811345124283;3;0;0;72292.0;34;0;0;1;0;0;0;0;0;0;0;0;0;0;0;0;1;0;0;0;0;1
25.0;3;0;0;72250.0;170;0;0;1;0;0;0;0;0;0;0;0;0;0;0;0;1;0;0;0;0;1
29.8811345124283;3;0;0;72250.0;9;0;0;1;0;0;0;0;0;0;0;0;0;0;0;0;1;0;0;0;0;1
29.8811345124283;3;0;0;77292.0;244;0;1;0;0;0;0;0;0;0;0;0;0;0;0;0;1;0;0;0;0;1
29.8811345124283;3;0;0;75750.0;202;0;0;0;0;0;0;0;0;0;0;0;0;0;0;0;1;0;0;0;0;1
38.5;3;0;0;72500.0;102;0;0;0;0;0;0;0;0;0;0;0;0;0;0;0;1;0;0;0;0;1
29.8811345124283;3;8;2;695500.0;127;10;0;0;0;0;0;0;0;0;0;0;1;0;0;0;0;0;0;0;0;1
14.5;3;8;2;695500.0;236;10;0;0;0;0;0;0;0;0;0;0;1;0;0;0;0;0;0;0;0;1
29.8811345124283;3;8;2;695500.0;43;10;0;0;0;0;0;0;0;0;0;0;0;1;0;0;0;0;0;0;0;0
29.8811345124283;3;8;2;695500.0;255;10;0;0;0;0;0;0;0;0;0;0;0;1;0;0;0;0;0;0;0;0
29.8811345124283;3;8;2;695500.0;10;10;0;0;0;0;0;0;0;0;0;0;0;1;0;0;0;0;0;0;0;0
29.8811345124283;3;8;2;695500.0;163;10;0;0;0;0;0;0;0;0;0;0;0;1;0;0;0;0;0;0;0;0
29.8811345124283;3;8;2;695500.0;206;10;0;0;0;0;0;0;0;0;0;0;0;0;0;0;1;0;0;0;0;1
29.8811345124283;3;8;2;695500.0;181;10;0;0;0;0;0;0;0;0;0;0;0;0;0;0;1;0;0;0;0;1
29.8811345124283;3;8;2;695500.0;142;10;0;0;0;0;0;0;0;0;0;0;0;0;0;0;1;0;0;0;0;1
29.8811345124283;3;1;9;695500.0;222;10;0;0;0;0;0;0;0;0;0;0;0;0;0;0;1;0;0;0;0;1
29.8811345124283;3;1;9;695500.0;160;10;0;0;0;0;0;0;0;0;0;0;0;0;0;0;0;1;0;0;0;0
24.0;3;0;0;93250.0;222;0;0;0;0;0;0;0;0;0;0;0;0;0;0;0;1;0;0;0;0;1
21.0;3;0;0;76500.0;1;0;0;0;0;0;0;0;0;0;0;0;0;1;0;0;0;0;0;0;0;0
39.0;3;0;0;79250.0;109;0;0;0;0;0;0;0;0;0;0;0;0;0;0;0;1;0;0;0;0;1
29.8811345124283;3;2;0;216792.0;191;2;0;1;0;0;0;0;0;0;0;0;0;0;0;0;1;0;0;0;0;1
29.8811345124283;3;2;0;216792.0;66;2;0;1;0;0;0;0;0;0;0;0;0;0;0;0;1;0;0;0;0;1
29.8811345124283;3;2;0;216792.0;227;2;0;1;0;0;0;0;0;0;0;0;0;0;0;0;1;0;0;0;0;1
1.0;3;1;1;167000.0;174;2;0;0;0;0;0;0;0;0;0;0;0;1;0;0;0;0;0;0;0;0
24.0;3;0;2;167000.0;256;2;0;0;0;0;0;0;0;0;0;0;0;0;0;0;0;1;0;0;0;0
4.0;3;1;1;167000.0;184;2;0;0;0;0;0;0;0;0;0;0;0;1;0;0;0;0;0;0;0;0
25.0;3;0;0;95000.0;104;0;0;0;0;0;0;0;0;0;0;0;0;0;0;0;1;0;0;0;0;1
20.0;3;0;0;80500.0;59;0;0;0;0;0;0;0;0;0;0;0;0;0;0;0;1;0;0;0;0;1
24.5;3;0;0;80500.0;213;0;0;0;0;0;0;0;0;0;0;0;0;0;0;0;1;0;0;0;0;1
29.8811345124283;3;0;0;77250.0;52;0;1;0;0;0;0;0;0;0;0;0;0;0;0;0;1;0;0;0;0;1
29.8811345124283;3;0;0;78958.0;24;0;0;0;0;0;0;0;0;0;0;0;0;0;0;0;1;0;0;0;0;1
29.8811345124283;3;0;0;77500.0;44;0;1;0;0;0;0;0;0;0;0;0;0;0;0;0;1;0;0;0;0;1
29.0;3;0;0;95000.0;213;0;0;0;0;0;0;0;0;0;0;0;0;0;0;0;1;0;0;0;0;1
29.8811345124283;3;0;0;151000.0;97;0;0;0;0;0;0;0;0;0;0;0;0;0;0;0;1;0;0;0;0;1
29.8811345124283;3;0;0;77792.0;37;0;1;0;0;0;0;0;0;0;0;0;0;1;0;0;0;0;0;0;0;0
29.8811345124283;3;0;0;80500.0;157;0;0;0;0;0;0;0;0;0;0;0;0;0;0;0;1;0;0;0;0;1
29.8811345124283;3;0;0;80500.0;130;0;0;0;0;0;0;0;0;0;0;0;0;0;0;0;1;0;0;0;0;1
22.0;3;0;0;72292.0;151;0;0;1;0;0;0;0;0;0;0;0;0;0;0;0;1;0;0;0;0;1
29.8811345124283;3;0;0;80500.0;194;0;0;0;0;0;0;0;0;0;0;0;0;0;0;0;1;0;0;0;0;1
40.0;3;0;0;78958.0;82;0;0;0;0;0;0;0;0;0;0;0;0;0;0;0;1;0;0;0;0;1
21.0;3;0;0;79250.0;66;0;0;0;0;0;0;0;0;0;0;0;0;0;0;0;1;0;0;0;0;1
18.0;3;0;0;74958.0;147;0;0;0;0;0;0;0;0;0;0;0;0;1;0;0;0;0;0;0;0;0
4.0;3;3;2;279000.0;133;5;0;0;0;0;0;0;0;0;0;0;1;0;0;0;0;0;0;0;0;1
10.0;3;3;2;279000.0;196;5;0;0;0;0;0;0;0;0;0;0;1;0;0;0;0;0;0;0;0;1
9.0;3;3;2;279000.0;235;5;0;0;0;0;0;0;0;0;0;0;0;1;0;0;0;0;0;0;0;0
2.0;3;3;2;279000.0;104;5;0;0;0;0;0;0;0;0;0;0;0;1;0;0;0;0;0;0;0;0
40.0;3;1;4;279000.0;183;5;0;0;0;0;0;0;0;0;0;0;0;0;0;0;1;0;0;0;0;1
45.0;3;1;4;279000.0;40;5;0;0;0;0;0;0;0;0;0;0;0;0;0;0;0;1;0;0;0;0
29.8811345124283;3;0;0;78958.0;36;0;0;0;0;0;0;0;0;0;0;0;0;0;0;0;1;0;0;0;0;1
29.8811345124283;3;0;0;80500.0;256;0;0;0;0;0;0;0;0;0;0;0;0;0;0;0;1;0;0;0;0;1
29.8811345124283;3;0;0;86625.0;143;0;0;0;0;0;0;0;0;0;0;0;0;0;0;0;1;0;0;0;0;1
29.8811345124283;3;0;0;77500.0;92;0;1;0;0;0;0;0;0;0;0;0;0;0;0;0;1;0;0;0;0;1
29.8811345124283;3;0;0;77333.0;17;0;1;0;0;0;0;0;0;0;0;0;0;1;0;0;0;0;0;0;0;0
19.0;3;0;0;76500.0;38;0;0;0;0;0;0;0;0;0;0;0;0;0;0;0;1;0;0;0;0;1
30.0;3;0;0;80500.0;254;0;0;0;0;0;0;0;0;0;0;0;0;0;0;0;1;0;0;0;0;1
29.8811345124283;3;0;0;80500.0;234;0;0;0;0;0;0;0;0;0;0;0;0;0;0;0;1;0;0;0;0;1
32.0;3;0;0;80500.0;180;0;0;0;0;0;0;0;0;0;0;0;0;0;0;0;1;0;0;0;0;1
29.8811345124283;3;0;0;78958.0;102;0;0;0;0;0;0;0;0;0;0;0;0;0;0;0;1;0;0;0;0;1
33.0;3;0;0;86625.0;94;0;0;1;0;0;0;0;0;0;0;0;0;0;0;0;1;0;0;0;0;1
23.0;3;0;0;75500.0;74;0;0;0;0;0;0;0;0;0;0;0;0;1;0;0;0;0;0;0;0;0
21.0;3;0;0;80500.0;87;0;0;0;0;0;0;0;0;0;0;0;0;0;0;0;1;0;0;0;0;1
60.5;3;0;0;137833.5;153;0;0;0;0;0;0;0;0;0;0;0;0;0;0;0;1;0;0;0;0;1
19.0;3;0;0;78.958;241;0;0;0;0;0;0;0;0;0;0;0;0;0;0;0;1;0;0;0;0;1
22.0;3;0;0;98.375;11;0;0;0;0;0;0;0;0;0;0;0;0;1;0;0;0;0;0;0;0;0
31.0;3;0;0;7.925;85;0;0;0;0;0;0;0;0;0;0;0;0;0;0;0;1;0;0;0;0;1
27.0;3;0;0;86.625;14;0;0;0;0;0;0;0;0;0;0;0;0;0;0;0;1;0;0;0;0;1
2.0;3;0;1;104.625;82;1;0;0;0;0;0;0;0;0;0;0;0;1;0;0;0;0;0;0;0;0
29.0;3;1;1;104.625;70;2;0;0;0;0;0;0;0;0;0;0;0;0;0;0;0;1;0;0;0;0
16.0;3;0;0;8.05;127;0;0;0;0;0;0;0;0;0;0;0;0;0;0;0;1;0;0;0;0;1
44.0;3;0;0;7.925;242;0;0;0;0;0;0;0;0;0;0;0;0;0;0;0;1;0;0;0;0;1
25.0;3;0;0;7.05;137;0;0;0;0;0;0;0;0;0;0;0;0;0;0;0;1;0;0;0;0;1
74.0;3;0;0;7.775;183;0;0;0;0;0;0;0;0;0;0;0;0;0;0;0;1;0;0;0;0;1
14.0;3;0;0;9.225;73;0;0;0;0;0;0;0;0;0;0;0;0;0;0;0;1;0;0;0;0;1
24.0;3;0;0;77.958;183;0;0;0;0;0;0;0;0;0;0;0;0;0;0;0;1;0;0;0;0;1
25.0;3;0;0;77.958;140;0;0;0;0;0;0;0;0;0;0;0;0;0;0;0;1;0;0;0;0;1
34.0;3;0;0;8.05;196;0;0;0;0;0;0;0;0;0;0;0;0;0;0;0;1;0;0;0;0;1
0.4167;3;0;1;85.167;78;1;0;1;0;0;0;0;0;0;0;0;1;0;0;0;0;0;0;0;0;1
29.8811345124283;3;1;0;64.375;81;1;0;1;0;0;0;0;0;0;0;0;0;0;0;0;1;0;0;0;0;1
29.8811345124283;3;0;0;64.375;222;0;0;1;0;0;0;0;0;0;0;0;0;0;0;0;1;0;0;0;0;1
29.8811345124283;3;0;0;7.225;201;0;0;1;0;0;0;0;0;0;0;0;0;0;0;0;1;0;0;0;0;1
16.0;3;1;1;85.167;100;2;0;1;0;0;0;0;0;0;0;0;0;0;0;0;0;1;0;0;0;0
29.8811345124283;3;0;0;8.05;36;0;0;0;0;0;0;0;0;0;0;0;0;0;0;0;1;0;0;0;0;1
29.8811345124283;3;1;0;16.1;255;1;0;0;0;0;0;0;0;0;0;0;0;0;0;0;1;0;0;0;0;1
29.8811345124283;3;1;0;16.1;43;1;0;0;0;0;0;0;0;0;0;0;0;0;0;0;0;1;0;0;0;0
32.0;3;0;0;7.925;96;0;0;0;0;0;0;0;0;0;0;0;0;0;0;0;1;0;0;0;0;1
29.8811345124283;3;0;0;7.75;236;0;1;0;0;0;0;0;0;0;0;0;0;0;0;0;1;0;0;0;0;1
29.8811345124283;3;0;0;78.958;12;0;0;0;0;0;0;0;0;0;0;0;0;0;0;0;1;0;0;0;0;1
30.5;3;0;0;8.05;162;0;0;0;0;0;0;0;0;0;0;0;0;0;0;0;1;0;0;0;0;1
44.0;3;0;0;8.05;134;0;0;0;0;0;0;0;0;0;0;0;0;0;0;0;1;0;0;0;0;1
29.8811345124283;3;0;0;72.292;83;0;0;1;0;0;0;0;0;0;0;0;0;0;0;0;1;0;0;0;0;1
25.0;3;0;0;0.0;70;0;0;0;0;0;0;0;0;0;0;0;0;0;0;0;1;0;0;0;0;1
29.8811345124283;3;0;0;72.292;254;0;0;1;0;0;0;0;0;0;0;0;0;0;0;0;1;0;0;0;0;1
7.0;3;1;1;152.458;95;2;0;1;0;0;0;0;0;0;0;0;1;0;0;0;0;0;0;0;0;1
9.0;3;1;1;152.458;141;2;0;1;0;0;0;0;0;0;0;0;0;1;0;0;0;0;0;0;0;0
29.0;3;0;2;152.458;60;2;0;1;0;0;0;0;0;0;0;0;0;0;0;0;0;1;0;0;0;0
36.0;3;0;0;78.958;245;0;0;0;0;0;0;0;0;0;0;0;0;0;0;0;1;0;0;0;0;1
18.0;3;0;0;98.417;137;0;0;0;0;0;0;0;0;0;0;0;0;1;0;0;0;0;0;0;0;0
63.0;3;0;0;95.875;79;0;0;0;0;0;0;0;0;0;0;0;0;0;0;0;0;1;0;0;0;0
29.8811345124283;3;1;1;14.5;51;2;0;0;0;0;0;0;0;0;0;0;1;0;0;0;0;0;0;0;0;1
11.5;3;1;1;14.5;209;2;0;0;0;0;0;0;0;0;0;0;1;0;0;0;0;0;0;0;0;1
40.5;3;0;2;14.5;231;2;0;0;0;0;0;0;0;0;0;0;0;0;0;0;1;0;0;0;0;1
10.0;3;0;2;24.15;12;2;0;0;0;0;0;0;0;0;0;0;0;1;0;0;0;0;0;0;0;0
36.0;3;1;1;24.15;143;2;0;0;0;0;0;0;0;0;0;0;0;0;0;0;1;0;0;0;0;1
30.0;3;1;1;24.15;41;2;0;0;0;0;0;0;0;0;0;0;0;0;0;0;0;1;0;0;0;0
29.8811345124283;3;0;0;9.5;155;0;0;0;0;0;0;0;0;0;0;0;0;0;0;0;1;0;0;0;0;1
33.0;3;0;0;9.5;115;0;0;0;0;0;0;0;0;0;0;0;0;0;0;0;1;0;0;0;0;1
28.0;3;0;0;9.5;46;0;0;0;0;0;0;0;0;0;0;0;0;0;0;0;1;0;0;0;0;1
28.0;3;0;0;9.5;221;0;0;0;0;0;0;0;0;0;0;0;0;0;0;0;1;0;0;0;0;1
47.0;3;0;0;9.0;2;0;0;0;0;0;0;0;0;0;0;0;0;0;0;0;1;0;0;0;0;1
18.0;3;2;0;18.0;23;2;0;0;0;0;0;0;0;0;0;0;0;1;0;0;0;0;0;0;0;0
31.0;3;3;0;18.0;54;3;0;0;0;0;0;0;0;0;0;0;0;0;0;0;1;0;0;0;0;1
16.0;3;2;0;18.0;38;2;0;0;0;0;0;0;0;0;0;0;0;0;0;0;1;0;0;0;0;1
31.0;3;1;0;18.0;90;1;0;0;0;0;0;0;0;0;0;0;0;0;0;0;0;1;0;0;0;0
22.0;3;0;0;7.225;24;0;0;1;0;0;0;0;0;0;0;0;0;0;0;0;1;0;0;0;0;1
20.0;3;0;0;78.542;225;0;0;0;0;0;0;0;0;0;0;0;0;0;0;0;1;0;0;0;0;1
14.0;3;0;0;78.542;39;0;0;0;0;0;0;0;0;0;0;0;0;1;0;0;0;0;0;0;0;0
22.0;3;0;0;78.958;204;0;0;0;0;0;0;0;0;0;0;0;0;0;0;0;1;0;0;0;0;1
22.0;3;0;0;9.0;100;0;0;0;0;0;0;0;0;0;0;0;0;0;0;0;1;0;0;0;0;1
29.8811345124283;3;0;0;8.05;134;0;0;0;0;0;0;0;0;0;0;0;0;0;0;0;1;0;0;0;0;1
29.8811345124283;3;0;0;7.55;39;0;0;0;0;0;0;0;0;0;0;0;0;0;0;0;1;0;0;0;0;1
29.8811345124283;3;0;0;8.05;201;0;0;0;0;0;0;0;0;0;0;0;0;0;0;0;1;0;0;0;0;1
32.5;3;0;0;9.5;186;0;0;0;0;0;0;0;0;0;0;0;0;0;0;0;1;0;0;0;0;1
38.0;3;0;0;72.292;16;0;0;1;0;0;0;0;0;0;0;0;0;0;0;0;0;1;0;0;0;0
51.0;3;0;0;7.75;26;0;0;0;0;0;0;0;0;0;0;0;0;0;0;0;1;0;0;0;0;1
18.0;3;1;0;64.958;53;1;0;0;0;0;0;0;0;0;0;0;0;0;0;0;1;0;0;0;0;1
21.0;3;1;0;64.958;49;1;0;0;0;0;0;0;0;0;0;0;0;0;0;0;1;0;0;0;0;1
47.0;3;1;0;7.0;108;1;0;0;0;0;0;0;0;0;0;0;0;0;0;0;0;1;0;0;0;0
29.8811345124283;3;0;0;87.125;21;0;0;0;0;0;0;0;0;0;0;0;0;0;0;0;1;0;0;0;0;1
29.8811345124283;3;0;0;7.55;241;0;0;0;0;0;0;0;0;0;0;0;0;0;0;0;1;0;0;0;0;1
29.8811345124283;3;0;0;8.05;52;0;0;0;0;0;0;0;0;0;0;0;0;0;0;0;1;0;0;0;0;1
28.5;3;0;0;16.1;64;0;0;0;0;0;0;0;0;0;0;0;0;0;0;0;1;0;0;0;0;1
21.0;3;0;0;7.25;197;0;0;0;0;0;0;0;0;0;0;0;0;0;0;0;1;0;0;0;0;1
27.0;3;0;0;86.625;81;0;0;0;0;0;0;0;0;0;0;0;0;0;0;0;1;0;0;0;0;1
29.8811345124283;3;0;0;7.25;107;0;0;0;0;0;0;0;0;0;0;0;0;0;0;0;1;0;0;0;0;1
36.0;3;0;0;9.5;80;0;0;0;0;0;0;0;0;0;0;0;0;0;0;0;1;0;0;0;0;1
27.0;3;1;0;144.542;114;1;0;1;0;0;0;0;0;0;0;0;0;0;0;0;1;0;0;0;0;1
15.0;3;1;0;144.542;245;1;0;1;0;0;0;0;0;0;0;0;0;0;0;0;0;1;0;0;0;0
45.5;3;0;0;7.225;233;0;0;1;0;0;0;0;0;0;0;0;0;0;0;0;1;0;0;0;0;1
29.8811345124283;3;0;0;7.225;134;0;0;1;0;0;0;0;0;0;0;0;0;0;0;0;1;0;0;0;0;1
29.8811345124283;3;0;0;144.583;211;0;0;1;0;0;0;0;0;0;0;0;0;0;0;0;1;0;0;0;0;1
14.5;3;1;0;144.542;240;1;0;1;0;0;0;0;0;0;0;0;0;1;0;0;0;0;0;0;0;0
29.8811345124283;3;1;0;144.542;185;1;0;1;0;0;0;0;0;0;0;0;0;1;0;0;0;0;0;0;0;0
26.5;3;0;0;7.225;86;0;0;1;0;0;0;0;0;0;0;0;0;0;0;0;1;0;0;0;0;1
27.0;3;0;0;7.225;187;0;0;1;0;0;0;0;0;0;0;0;0;0;0;0;1;0;0;0;0;1
29.0;3;0;0;7.875;237;0;0;0;0;0;0;0;0;0;0;0;0;0;0;0;1;0;0;0;0;1
